0,1,2,3,4,5,6,7,8,9,10,11,12
1.02801515598702,-0.07433688728703586,1.2877017749508446,-0.8021729623485582,1.0332367854162956,1.7535050287639358,0.48925206294731566,0.8453428147466576,1.7068914281359044,-1.428068575799001,1.5784344438699722,-0.5003201214037766,0.0
-0.4311990821691972,0.4301838016139499,-0.3363844702296675,0.3243489253566458,-0.41315955843833585,-0.5614742014374328,-0.15723342278775473,1.2047413910767284,-0.624359880068644,-0.6800865515280013,-0.5846478824032391,-0.5003201214037766,0.0
-1.6185989034139625,0.0652974689605927,-0.40325332070322545,1.3306972032887188,-0.7152182326569738,-0.6515950473820117,-1.0087228586046046,-0.6371763126148832,-0.9740475762993263,-0.40206304439330853,-0.602723779280174,1.0132713455729887,0.0
0.5916814867344256,-3.8681925054293442,0.38822982743904655,-0.8392398028923426,1.0332367854162956,1.5253866374667204,0.48925206294731566,0.8453428147466576,1.7068914281359044,-0.3004503920395121,1.5784344438699722,-0.5003201214037766,0.0
0.03374663096881321,0.37911939725401034,-0.3252823435023164,-0.005494278012061597,-0.41315955843833585,-0.1657873622120165,-0.15723342278775473,1.2047413910767284,-0.624359880068644,-0.8310942432204477,-0.5846478824032391,-0.5003201214037766,0.0
-1.9261783751821846,0.4089707514087503,-0.3855187985861683,0.7552920537573229,-0.5235271509412998,-1.0388330573001239,-0.5400208814466786,0.5757938824991058,-0.5077973146584166,0.1624516909055603,-0.7051538615828051,-0.5003201214037766,0.0
-1.218030289018138,0.44418004092459684,-0.4026948863235853,1.0227934353242536,-0.841560081969577,-0.6262485594600989,-0.35288034610231583,0.8453428147466576,-0.5077973146584166,-0.3935953233638252,-1.0847476959984383,-0.5003201214037766,0.0
-1.175112223190014,0.44418004092459684,-0.4048451407227654,2.527218574403604,-1.4877913801777205,-0.9416715202661248,-1.2460510829731375,-0.457477024449847,-0.8574850108890988,0.09470992266969605,-0.5484960886493693,3.17554486982551,0.0
1.1245808041002994,-3.7938374840915308,1.305052725978856,-0.8897897654083273,1.0332367854162956,1.9703583143180785,1.5610569471923015,0.8453428147466576,1.7068914281359044,-0.23129733696540025,1.5784344438699722,-0.5003201214037766,0.0
1.1245808041002994,-1.934524568167741,1.2216937031271158,-1.1005868674615091,1.0332367854162956,1.0311301229894212,0.3446434674539444,0.8453428147466576,1.7068914281359044,0.7566034498076196,1.5784344438699722,-0.5003201214037766,0.0
-1.0749700695910578,0.3621708262137734,-0.40294646383198884,1.2450535400297595,-0.841560081969577,-0.8036739749134885,-0.35288034610231583,0.8453428147466576,-0.5077973146584166,-0.008314016522347985,-1.0847476959984383,-0.5003201214037766,0.0
-0.22733826948560795,0.44418004092459684,-0.39939279050700605,-0.5685907935479294,-1.2380120918815392,-0.4234766560847966,-0.58255282129767,-0.232852914243553,-0.7409224454788714,-0.24258763167137762,-1.2715319637267657,-0.5003201214037766,0.0
0.4057032014792218,0.17278421304157848,-0.3606408290107646,-0.2783513247526189,-0.6948873603537962,-0.8585913654109661,-0.4464506137744972,-0.4125522024085892,-0.15810961842773427,1.1955136565024898,-0.5846478824032391,-0.5003201214037766,0.0
0.9457555298164491,-2.7954026313921587,1.1624770958800208,-0.7450928466822742,1.0332367854162956,0.38197840454487675,1.3313844719969472,0.8453428147466576,1.7068914281359044,-0.1522652740235586,1.5784344438699722,-0.5003201214037766,0.0
0.5273043879922396,0.4295277278962633,-0.39973123558557583,-0.501363101763195,-1.2380120918815392,-0.6896147792648809,-0.58255282129767,-0.232852914243553,-0.7409224454788714,2.0451083331272857,-1.2715319637267657,-0.5003201214037766,0.0
0.6131405196484879,-0.5779828112311064,-0.3123379473972837,0.3036779369672098,-0.41315955843833585,0.5706689257413389,-0.15723342278775473,1.2047413910767284,-0.624359880068644,-1.0117389585160856,-0.5846478824032391,-0.5003201214037766,0.0
-0.5206117193111224,0.44418004092459684,-0.3876115173219915,-0.6701605137705681,-0.18806775793887026,-0.06299327230648122,0.24256681181156475,0.3960945943340696,-0.39123474924818913,-0.8593199799853917,-0.07852276984906148,-0.5003201214037766,0.0
-1.7902711667264586,0.25293455221895705,-0.3978630187518706,1.1189135313351317,-0.8793174162469068,-0.8585913654109661,-1.092936099509568,-0.7719507787386584,-0.39123474924818913,0.2330160328179186,-0.6268249751160871,0.7970439931477367,0.0
0.28410201496620346,0.17726738344577042,-0.3839145689137475,1.9481020428659235,-0.7442623359472273,0.006005500369836974,-1.067416935598973,0.35116977229281177,-0.2746721838379617,-1.020206679545569,-0.44606600634673804,0.45108022926733304,0.0
-1.9869789684386938,0.43740061250850204,-0.39133554133652115,1.6858623674344857,-0.7442623359472273,-0.9233657234336321,-1.067416935598973,0.35116977229281177,-0.2746721838379617,0.24148375384740195,-0.44606600634673804,0.45108022926733304,0.0
1.1245808041002994,-3.7158740573064413,7.888587927842054,-0.9422189086869881,1.0332367854162956,1.149413733291681,1.0421672810102056,0.8453428147466576,1.7068914281359044,-0.506498270423599,1.5784344438699722,-0.5003201214037766,0.0
0.5022688495925005,0.41804643783674794,-0.3901306768568127,-0.49835641254291346,-0.1415971926744644,-0.30378490756465265,-0.08067593105596998,-0.232852914243553,-0.39123474924818913,-0.41617591277578,0.168514487469049,-0.5003201214037766,0.0
-2.2158753195220218,0.29623541758627164,-0.3912001633050932,0.8985795869113693,-0.5917807936733958,-0.9360389673945886,-0.9228083401056019,-0.18792809220229514,-0.7409224454788714,-0.2073054607151991,-1.0305200053676336,-0.5003201214037766,0.0
-0.6672484442238795,0.44418004092459684,-0.367549621214636,0.42887835528049917,-0.5235271509412998,-0.6699008442145042,-0.5400208814466786,0.5757938824991058,-0.5077973146584166,-0.38795017601083587,-0.7051538615828051,-0.5003201214037766,0.0
-1.4612326620441742,0.3953025489569464,-0.4050538485212168,2.2207711715302128,-0.992589419078896,-0.8585913654109661,-1.0844297115393697,-0.18792809220229514,-0.624359880068644,0.2824110721565698,-0.3195347282081937,3.17554486982551,0.0
0.8456133762174931,0.41378195867178524,-0.39689393767689907,-0.5203428274662227,-1.2380120918815392,-1.075444650965109,-0.58255282129767,-0.232852914243553,-0.7409224454788714,1.1842233617965123,-1.2715319637267657,-0.5003201214037766,0.0
0.5022688495925005,-2.933396803345571,-0.00836124377929961,-0.9690442140741881,1.248163149764172,0.36085633127661604,2.6753937712882787,-1.6255223975225765,-0.5077973146584166,-0.23129733696540025,-0.006219182341321825,-0.5003201214037766,1.0
-0.14507864331503698,0.3393175917143575,-0.40312696787389274,0.4164757622468376,-1.111670242568936,-1.2247073020608177,-0.9661909187536132,-1.5356727534400585,-0.5077973146584166,2.122729109230881,-1.1329500876702647,0.3645892882972322,0.0
0.9672145627305109,0.03293116555472126,-0.3634645891162986,-0.9635476103433608,2.12965168462337,2.0844175099666864,0.20854125993077152,0.35116977229281177,-0.8574850108890988,-0.991980942780625,-1.3016584585216573,-0.5003201214037766,0.0
-1.8367657380402596,0.2070093919808954,-0.3995778071499575,0.6607222818756525,-1.12474008904955,-0.7205938200583298,-0.8207316844632222,-0.6371763126148832,-0.624359880068644,0.02414558075733776,0.1564638895510924,-0.5003201214037766,0.0
1.1245808041002994,0.22362992616228938,-0.25433071723094486,0.17232320165615622,-0.41315955843833585,0.08204496413557524,-0.15723342278775473,1.2047413910767284,-0.624359880068644,-0.344200284025174,-0.5846478824032391,-0.5003201214037766,0.0
0.9600615517591573,0.44418004092459684,-0.38210501589366097,-0.5920335735623127,-0.1415971926744644,0.6523409423786133,-0.08067593105596998,-0.232852914243553,-0.39123474924818913,-0.3159745472602312,0.168514487469049,-0.5003201214037766,0.0
0.902837463988325,0.007781673043401942,-0.14419279161250068,-1.0704729957396262,1.248163149764172,2.233680161062395,2.6753937712882787,-1.6255223975225765,-0.5077973146584166,-1.5946004227121675,-0.006219182341321825,-0.5003201214037766,0.0
0.2233014217096943,-2.8247072574488263,0.31982218000825796,-0.7553343818388584,1.0332367854162956,-0.06017699587071319,0.23406042384136644,0.8453428147466576,1.7068914281359044,0.15398396987607696,1.5784344438699722,-0.5003201214037766,0.0
-1.117888135419182,0.4358697738339002,-0.4034338247451294,0.4716766971504454,-0.841560081969577,-0.5558416485658967,-0.35288034610231583,0.8453428147466576,-0.5077973146584166,-0.3625470129223871,-1.0847476959984383,-0.5003201214037766,0.0
-1.0034399598775179,0.4004417930788243,-0.40554797833592865,2.1218792838943874,-1.403563480635985,-1.1979526759210206,-1.2375446950029392,-1.445823109357541,-0.5077973146584166,0.7057971236307208,-0.8919381293111326,3.8242269271012668,0.0
-1.7795416502694277,0.22330188930344577,-0.40554008128409536,1.132866448498001,-1.1697584491494433,-1.1374027325520069,-1.3226085747049219,-1.221198999151247,-0.9740475762993263,0.40660431392232094,-0.8377104386803278,2.0944081076992496,0.0
0.9135669804453559,0.4160782166836881,-0.3225228879617107,0.27783920148041474,-0.41315955843833585,0.5410980231657738,-0.15723342278775473,1.2047413910767284,-0.624359880068644,-0.5530707360857549,-0.5846478824032391,-0.5003201214037766,0.0
0.47008030022140773,0.33319423701594936,-0.31869394597282436,0.21126922296261683,-0.41315955843833585,0.31157149365067455,-0.15723342278775473,1.2047413910767284,-0.624359880068644,-0.4599258047614418,-0.5846478824032391,-0.5003201214037766,0.0
-1.7330470789556265,0.13079549510963714,-0.39986886991752757,1.8883910741318928,-1.2699606055008184,-1.0543225776968483,-1.3311149626751202,-1.580597575481317,-0.5077973146584166,0.04108102281630319,-0.27735763549534553,2.526862812549754,0.0
-1.339631475531156,0.44418004092459684,-0.4022233195141114,1.316979183721184,-1.105861421910885,-0.312233736871957,-1.3481277386155168,-0.9965748889449524,-0.624359880068644,-0.7464170329256179,-0.4038889136338899,2.959317517400258,0.0
0.7168591787331207,0.4260286680686016,-0.36476985896931613,-0.06727234558503556,-0.05736929313272884,1.6225481745007198,-0.5740464333274717,0.12654566208651774,-0.624359880068644,-1.2869398919742843,-0.7654068511725882,-0.5003201214037766,1.0
0.602411003191457,-0.29324681775512773,4.277954296135925,-1.0339229299055777,1.0332367854162956,2.1013151685812947,1.161256712592981,0.8453428147466576,1.7068914281359044,-1.107706463516894,1.5784344438699722,-0.5003201214037766,0.0
0.3127140588516194,0.44418004092459684,-0.4023192122863728,-0.09076210511848566,0.5888620050754145,-0.2629488992460155,-0.786706132582429,-0.05315362607851843,-0.624359880068644,-0.09440251365542533,-0.8075839438854363,0.7105530521776358,0.0
0.9815205846732191,-0.3855345207097077,-0.2476599647323342,-0.967212012830579,1.248163149764172,0.37493771345545646,2.6753937712882787,-1.6255223975225765,-0.5077973146584166,-0.263756934245086,-0.006219182341321825,-0.5003201214037766,1.0
1.0244386505013432,0.32455593306640906,0.6898701318646372,-0.8188976711363746,1.0332367854162956,0.994518529324436,1.5610569471923015,0.8453428147466576,1.7068914281359044,0.12716951994938053,1.5784344438699722,-0.5003201214037766,0.0
1.1245808041002994,0.4183744746955915,-0.29565373317405474,0.1348335454407699,-0.41315955843833585,1.0452115051682613,-0.15723342278775473,1.2047413910767284,-0.624359880068644,-0.7097235751311918,-0.5846478824032391,-0.5003201214037766,0.0
0.5165748715352086,0.2812550676990945,-0.347717867760708,-0.4292965195145698,-0.6948873603537962,-1.1021992771049058,-0.4464506137744972,-0.4125522024085892,-0.15810961842773427,3.3999436978445696,-0.5846478824032391,-0.5003201214037766,0.0
0.6918236403333821,-2.8002138386551936,0.22246506870687113,-0.7011200168356555,1.0332367854162956,0.5298329174227012,1.3313844719969472,0.8453428147466576,1.7068914281359044,0.16950812509679603,1.5784344438699722,-0.5003201214037766,0.0
1.002979617587281,0.35254841168770346,0.7125087231701706,-0.756461890296464,1.0332367854162956,0.5608119582161506,1.5610569471923015,0.8453428147466576,1.7068914281359044,-0.09157993997893005,1.5784344438699722,-0.5003201214037766,0.0
-0.3525159614843031,0.41378195867178524,-0.403795960979199,1.0589206854867,-1.2786738364878945,-1.0205272604676312,-0.8377444604036188,0.17147048412777557,-0.7409224454788714,0.16104040406731268,-1.096798293916395,-0.5003201214037766,0.0
0.14104179553912333,0.404815617863402,-0.3923192883648973,-0.506483869341487,-0.1415971926744644,-0.05876885765282918,-0.08067593105596998,-0.232852914243553,-0.39123474924818913,-0.19742645284746813,0.168514487469049,-0.5003201214037766,0.0
-1.2430658274178772,0.44418004092459684,-0.3878247377214905,0.6070716711012522,-0.5917807936733958,-0.316458151525609,-0.9228083401056019,-0.18792809220229514,-0.7409224454788714,-0.8946021509415703,-1.0305200053676336,-0.5003201214037766,0.0
-1.4040085742733424,0.3342876932120939,-0.28826434895861425,0.3243489253566458,-0.41315955843833585,-0.8276123246175172,-0.15723342278775473,1.2047413910767284,-0.624359880068644,-0.537546580865037,-0.5846478824032391,-0.5003201214037766,0.0
0.08739421325396826,0.1362627760903587,1.3500095139155435,-0.4227193868452038,1.0332367854162956,0.7987873170385537,0.2000348719605732,0.8453428147466576,1.7068914281359044,-0.5502481624092609,1.5784344438699722,-0.5003201214037766,0.0
0.6954001458190588,0.19990192670595763,0.10523333424160405,-0.6060334702442489,1.0332367854162956,-0.6572276002535479,1.8162485862982507,0.8453428147466576,1.7068914281359044,0.11587922524340316,1.5784344438699722,-0.5003201214037766,0.0
-0.8138851691366368,0.41935858527212116,-0.40351166711320047,1.0589206854867,-1.2786738364878945,-1.3401746359273092,-0.8377444604036188,0.17147048412777557,-0.7409224454788714,0.9626513281917064,-1.096798293916395,-0.5003201214037766,0.0
1.1245808041002994,0.31373071672458086,7.255323341330113,-1.1194256546073362,1.0332367854162956,1.4817343527123152,1.161256712592981,0.8453428147466576,1.7068914281359044,-0.8931908641033238,1.5784344438699722,-0.5003201214037766,0.0
0.008711092569074087,0.337130679322069,-0.40034156487726336,-0.24828443254980267,-1.2380120918815392,0.09753448453229989,-0.58255282129767,-0.232852914243553,-0.7409224454788714,-0.22988605012715385,-1.2715319637267657,-0.5003201214037766,0.0
-0.0842780500585278,0.42460717501361406,-0.39031794980028794,1.605386451272885,-0.8502733129566532,0.09753448453229989,-0.8802764002546104,0.6207187045403636,-0.15810961842773427,-0.8113362274849881,-0.72322975845974,0.5808166407224844,0.0
-0.5063056973684144,0.4068931846360761,-0.3949873637342892,-0.48407463874657564,-0.3521669415288032,0.07641241126403918,-0.31034840625132426,1.159816569035469,-0.5077973146584166,-0.1706120029207717,-0.12069986256190961,-0.5003201214037766,0.0
-0.5098822028540915,0.44418004092459684,-0.3866774089051389,0.3439863643266103,-0.5235271509412998,-0.7867763162988799,-0.5400208814466786,0.5757938824991058,-0.5077973146584166,0.08483091480196632,-0.7051538615828051,-0.5003201214037766,0.0
-0.20587923657154614,0.39497451209810275,-0.3212413092641931,-0.8558235731229583,-1.0187291120401243,-0.28266283429639216,0.7699628659638598,-2.389244372223976,-0.5077973146584166,-1.0667791452077262,-0.8437357376393062,0.3645892882972322,0.0
0.6703646074193197,0.2619008930273403,-0.2940720665068719,0.2023900938589725,-0.41315955843833585,-0.06721768696013326,-0.15723342278775473,1.2047413910767284,-0.624359880068644,0.5053943925996233,-0.5846478824032391,-0.5003201214037766,0.0
0.820577837817754,0.33439703883170824,-0.3484838817885376,-0.7139454255409192,-1.0187291120401243,-0.9219575852157481,0.7699628659638598,-2.389244372223976,-0.5077973146584166,2.9384529017377448,-0.8437357376393062,0.3645892882972322,0.0
1.0065561230729583,0.25610557518777516,0.747272673490598,-0.7693812580398616,1.0332367854162956,0.7847059348597135,0.48925206294731566,0.8453428147466576,1.7068914281359044,-0.18472487130324436,1.5784344438699722,-0.5003201214037766,0.0
0.7776597719896299,0.2252701104565056,-0.3313619452636918,0.4105093633253414,-0.41315955843833585,0.33128542870105127,-0.15723342278775473,1.2047413910767284,-0.624359880068644,-0.7097235751311918,-0.5846478824032391,-0.5003201214037766,0.0
0.9850970901588959,0.44418004092459684,-0.3908560774752139,1.0064445626889724,-0.4523690978801783,0.9424174152627262,-0.27632285437053106,-1.4008982873162825,-0.5077973146584166,-0.20307160020045742,-0.5605466865673259,0.040248259659353906,0.0
0.5344573989635937,0.44418004092459684,-0.39460492079550535,-0.7978508465944032,2.4331625640065204,0.12569724888998068,0.44672012309632414,0.8004179927053998,-0.624359880068644,-0.4698048126291728,1.849572897023996,-0.5003201214037766,0.0
1.020862145015666,0.4260286680686016,-0.3927209098581335,-0.646107000008315,-0.3521669415288032,-0.0263816786414961,-0.31034840625132426,1.159816569035469,-0.5077973146584166,0.22313702495018886,-0.12069986256190961,-0.5003201214037766,0.0
-0.9676749050207478,0.44418004092459684,-0.3981224933121074,0.05919651974306028,-0.7297402843021006,-0.5192300549009116,-0.4889825536254887,0.3960945943340696,-0.5077973146584166,-0.6575059621160465,-0.7533562532546316,-0.5003201214037766,0.0
1.0315916614726974,0.07820025207509566,-0.2691252797654924,-0.9071252079440135,1.248163149764172,-1.107831829976442,0.4126945712155309,-1.6255223975225765,-0.5077973146584166,0.8850305520881112,-0.006219182341321825,-0.5003201214037766,0.0
0.2304544326810484,0.4055810372007029,-0.00456276184748464,-0.4283099496141649,1.0332367854162956,0.26791920889626913,0.2000348719605732,0.8453428147466576,1.7068914281359044,0.17091941193504365,1.5784344438699722,-0.5003201214037766,0.0
0.16250082845318514,-0.19297688456869405,-0.39243210339108725,-0.6251541345044774,-0.1415971926744644,0.41014116890255753,-0.08067593105596998,-0.232852914243553,-0.39123474924818913,-0.6264576516746084,0.168514487469049,-0.5003201214037766,0.0
0.5594929373633328,0.35495401531922127,-0.39110878313387937,-0.7289788716423273,-0.1415971926744644,-0.28266283429639216,-0.08067593105596998,-0.232852914243553,-0.39123474924818913,-0.08734607946418962,0.168514487469049,-0.5003201214037766,0.0
-1.2681013658176161,0.3792287428736247,-0.39964549616567147,-0.3175322436544139,-1.007111470724023,-1.0036296018530226,-0.39541228595330735,-0.7719507787386584,-0.5077973146584166,0.32474967730398524,-0.6509261709520004,-0.5003201214037766,0.0
-1.5113037388436523,0.37408949875174674,-0.39738919564187286,1.255107157110076,-1.0956959857592965,-1.3500316034524977,-1.0163786077777832,-1.4008982873162825,-0.5077973146584166,1.2166829590761967,-0.036345677136213346,1.4457260504234932,0.0
-0.3525159614843031,0.4229669907193972,-0.3942348875096024,0.05135094005888785,-0.5845197678508324,-0.665676429560852,-0.786706132582429,0.12654566208651774,-0.7409224454788714,0.3134593825980079,-1.0907729949574165,0.3645892882972322,0.0
1.045897683415405,0.44418004092459684,-0.09356704860976903,-1.1567743722655222,1.248163149764172,2.370269568197147,2.6753937712882787,-1.6255223975225765,-0.5077973146584166,-1.9939945979361176,-0.006219182341321825,-0.5003201214037766,0.0
1.1245808041002994,0.44418004092459684,0.8459971029094069,-1.23743820650339,1.0332367854162956,3.141929311597604,0.9485970133380243,0.8453428147466576,1.7068914281359044,-1.9897607374213757,1.5784344438699722,-0.5003201214037766,0.0
1.1245808041002994,0.44418004092459684,0.4945083510115332,-1.0688287125722848,1.0332367854162956,1.7042201911379942,1.2208014283843691,0.8453428147466576,1.7068914281359044,-1.123230618737613,1.5784344438699722,-0.5003201214037766,0.0
1.0315916614726974,0.2345644881237325,0.6062493781521363,-0.7920723657491746,1.0332367854162956,0.7241559914906998,1.8162485862982507,0.8453428147466576,1.7068914281359044,-0.14662012667057053,1.5784344438699722,-0.5003201214037766,1.0
-1.4648091675298511,0.4064558021576182,-0.40025131285631144,0.49544833379829706,-0.6643910518990299,-1.1683817733454558,-0.9313147280758002,-0.3227025583260703,-0.624359880068644,0.7199099920131922,-0.9039887272290892,1.229498697998241,1.0
0.7132826732474439,0.3873203187250927,-0.366765556782616,-0.4446588222494463,-0.6948873603537962,-0.3868650624198112,-0.42093144986390224,-0.4125522024085892,-0.15810961842773427,0.8963208467940885,-0.5846478824032391,-0.5003201214037766,1.0
0.8599193981602008,-3.892248541744519,0.3506962682256564,-0.6974556143484372,1.0332367854162956,0.701625780004555,1.3313844719969472,0.8453428147466576,1.7068914281359044,0.6112409054681601,1.5784344438699722,-0.5003201214037766,0.0
1.1245808041002994,0.44418004092459684,-0.22342842525699885,-1.1128485219379702,1.583622542766602,3.0912363357537775,0.5743159426492987,1.2945910351592456,-0.624359880068644,-1.8302853246994448,0.19864098226394053,-0.5003201214037766,0.0
1.0101326285586352,0.20832153941626863,0.23249545268541785,-1.1517005842062968,1.0332367854162956,-1.2289317167144698,0.6338606584406868,0.8453428147466576,1.7068914281359044,0.5180959741438471,1.5784344438699722,-0.5003201214037766,1.0
-1.6865525076418255,0.4366351931712011,-0.4006326276448334,1.263657429580252,-0.713766027492461,-0.6135753154991425,-1.2545574709433358,0.2613201282102929,-0.624359880068644,-0.6179899306451251,-0.35568652196206346,0.040248259659353906,0.0
0.8062718158750458,-0.06154344979214784,0.025689715575607317,-0.7106568592062361,1.0332367854162956,0.24398085919224036,1.8162485862982507,0.8453428147466576,1.7068914281359044,-0.09157993997893005,1.5784344438699722,-0.5003201214037766,0.0
0.9850970901588959,-0.6471985884470418,-0.14764380326365067,-0.8025018189820263,1.248163149764172,-0.19113385013392925,0.4126945712155309,-1.6255223975225765,-0.5077973146584166,0.0043875650218770336,-0.006219182341321825,-0.5003201214037766,0.0
0.17680685039589336,0.4318239859081662,-0.387101593403613,-0.6616102413003921,-0.18806775793887026,0.3721214370196884,0.24256681181156475,0.3960945943340696,-0.39123474924818913,-1.0540775636635011,-0.07852276984906148,-0.5003201214037766,0.0
0.9350260133594182,0.44418004092459684,1.100022697381275,-0.9518497100957025,1.0332367854162956,0.5481387142551942,1.161256712592981,0.8453428147466576,1.7068914281359044,-0.6052883491009013,1.5784344438699722,-0.5003201214037766,0.0
1.1245808041002994,0.44418004092459684,2.418412937944668,-1.042661120452021,1.0332367854162956,2.015418737290368,1.161256712592981,0.8453428147466576,1.7068914281359044,-0.46415966527618346,1.5784344438699722,-0.5003201214037766,0.0
-2.097850638494681,0.4055810372007029,-0.40469622488819473,1.132866448498001,-1.1697584491494433,-1.045873748389544,-1.3226085747049219,-1.221198999151247,-0.9740475762993263,0.683216534218766,-0.8377104386803278,2.0944081076992496,0.0
-1.8260362215832286,0.4096268251264369,-0.3856462795657629,1.8877803403840236,-0.7442623359472273,-0.8304286010532853,-1.067416935598973,0.35116977229281177,-0.2746721838379617,0.5674910134824982,-0.44606600634673804,0.45108022926733304,0.0
0.809848321360723,0.38218107460321477,-0.3774220641565169,-0.5933959796152528,-0.3521669415288032,0.43548765682447055,-0.31034840625132426,1.159816569035469,-0.5077973146584166,-0.12262825042036815,-0.12069986256190961,-0.5003201214037766,0.0
1.1245808041002994,-0.4103559763621834,0.8436618318672753,-0.9157694394523231,1.0332367854162956,0.36085633127661604,1.3739164118479386,0.8453428147466576,1.7068914281359044,0.13422595414061625,1.5784344438699722,-0.5003201214037766,0.0
1.1245808041002994,-2.005052492819049,-0.13873818509621746,-1.122385364308551,1.248163149764172,2.160456973732425,2.6753937712882787,-1.6255223975225765,-0.5077973146584166,-0.26234564740683836,-0.006219182341321825,-0.5003201214037766,0.0
-0.5349177412538303,0.42351371881746946,-0.4024218739602057,-0.0668495299134334,0.5888620050754145,-0.6051264861918382,-0.786706132582429,-0.05315362607851843,-0.624359880068644,0.17797584612627937,-0.8075839438854363,0.7105530521776358,0.0
0.6954001458190588,-0.14213117144798373,-0.2800683373059158,-1.0326075033717044,1.248163149764172,-0.047503751909756815,2.6753937712882787,-1.6255223975225765,-0.5077973146584166,-1.840164332567176,-0.006219182341321825,-0.5003201214037766,1.0
0.3270200807943276,0.3729960425556022,-0.336816551779975,-0.2518548759988871,-0.6948873603537962,-0.3558860216263624,-0.42093144986390224,-0.4125522024085892,-0.15810961842773427,0.7947081944402922,-0.5846478824032391,-0.5003201214037766,1.0
-0.9819809269634557,0.4089707514087503,-0.4009417408165938,0.10044453748379886,-1.2786738364878945,-0.7783274869915757,-0.718655028820843,0.03669601800399886,-0.2746721838379617,1.2985375956945324,-1.096798293916395,0.9267804046028879,0.0
-0.7816966197655435,0.37572968304596294,-0.40315742793096404,0.748151166859154,-0.8894828523984956,-0.6966554703543011,-1.1099488754499647,0.3062449502515523,-0.624359880068644,-0.21012803439169314,-0.741305655336675,0.5808166407224844,0.0
-0.6958604881092955,0.20154211100017386,-0.3886178273556057,1.8877803403840236,-0.7442623359472273,-0.41361968855960823,-1.067416935598973,0.35116977229281177,-0.2746721838379617,0.16527426458205435,-0.44606600634673804,0.45108022926733304,0.0
0.874225420102909,-1.2697032009119988,-0.07729235293160953,-0.7163413810133311,1.248163149764172,-0.37278368024097086,0.4126945712155309,-1.6255223975225765,-0.5077973146584166,-0.3032729657160062,-0.006219182341321825,-0.5003201214037766,0.0
0.9064139694740023,0.35178299235040256,-0.2357952084279391,-0.7733745171605482,1.248163149764172,-1.2866653836477155,0.4126945712155309,-1.6255223975225765,-0.5077973146584166,2.9059933044580606,-0.006219182341321825,-0.5003201214037766,1.0
-1.9047193422681228,0.44418004092459684,-0.4036098161859857,1.806458792879219,-1.3817804031682948,-1.1120562446300941,-1.3055957987645253,-0.5922514905736237,-0.7409224454788714,0.9301917309120207,-0.01224448130030013,3.6079995746760147,0.0
0.29840803690891166,0.2171785346050376,-0.35493464498607796,-0.06421867684568706,-0.6948873603537962,-1.014894707596095,-0.4464506137744972,-0.4125522024085892,-0.15810961842773427,1.5469240792260348,-0.5846478824032391,-0.5003201214037766,0.0
-2.237334352436084,0.4225296082409399,-0.39825561504301155,0.20826253374233514,0.26792466371811197,-0.7994495602598363,-1.0163786077777832,0.17147048412777557,-0.5077973146584166,-0.0605316295374932,-0.036345677136213346,-0.5003201214037766,0.0
-0.5635297851392465,0.44418004092459684,-0.3179933646601849,-0.5486714774635637,-0.15757144948410381,-0.9121006176905597,-0.1061950949665649,0.03669601800399886,-0.624359880068644,-0.2736359421128157,-0.602723779280174,-0.5003201214037766,0.0
0.6417525635339039,-3.3389597064954963,0.12897525650327507,-0.644744593955375,1.0332367854162956,0.7987873170385537,1.3313844719969472,0.8453428147466576,1.7068914281359044,0.2951126537007948,1.5784344438699722,-0.5003201214037766,0.0
-2.151498220779836,0.44418004092459684,-0.3655415137484553,2.3952531053446813,-0.7442623359472273,-1.2556863428542664,-1.067416935598973,0.35116977229281177,-0.2746721838379617,2.742284031221389,-0.44606600634673804,0.45108022926733304,0.0
-0.12004310491529784,0.3851334063328042,-0.39083238631971406,-0.4928128292930192,-0.1415971926744644,0.1623088425549658,-0.08067593105596998,-0.232852914243553,-0.39123474924818913,-0.8254490958674595,0.168514487469049,-0.5003201214037766,0.0
-1.7080115405558876,0.42034269584865136,-0.4061413853736877,1.6438626773886764,-1.1639496284913924,-0.6487787709462436,-1.3311149626751202,-1.355973465275023,-0.9740475762993263,1.0896671436339516,-0.7172044595007617,3.3917722222507622,0.0
-1.7938476722121357,0.2988597124570181,-0.3967100491842095,0.7909025292100335,-0.7108616171634358,-0.5333114370797519,-1.0504041596585765,-0.9965748889449524,-0.2746721838379617,0.2527740485533793,-0.45209130530571634,0.9700258750879384,0.0
-1.010592970848872,0.4006604843180536,-0.08920787599779008,0.13628991053184375,1.0332367854162956,-0.28688724895004425,-0.2082717506089446,0.8453428147466576,1.7068914281359044,-0.7816992038817977,1.5784344438699722,-0.5003201214037766,0.0
0.8026953103893689,0.38338387641897304,0.02714051681240982,-0.6121408077229461,1.0332367854162956,0.11443214314690832,1.8162485862982507,0.8453428147466576,1.7068914281359044,0.11164536472866149,1.5784344438699722,-0.5003201214037766,1.0
0.9815205846732191,0.44418004092459684,2.3908409455438493,-0.9891044687157545,1.0332367854162956,1.029721984771537,1.161256712592981,0.8453428147466576,1.7068914281359044,-1.3645606680778783,1.5784344438699722,-0.5003201214037766,0.0
-1.8439187490116136,0.23215888449221472,-0.3735231768513929,-0.20346597135997965,-0.6948873603537962,-1.202177090574673,-0.4464506137744972,-0.4125522024085892,-0.15810961842773427,1.9336166729057596,-0.5846478824032391,-0.5003201214037766,0.0
0.7454712226185372,0.35090822739348726,-0.3469067277224024,-0.7838039703934,-1.0187291120401243,-0.7318589258014022,0.7699628659638598,-2.389244372223976,-0.5077973146584166,1.6993430577567288,-0.8437357376393062,0.3645892882972322,0.0
0.10885324616803008,0.36949698272794046,-0.349421374656176,0.15963873150809307,-0.6948873603537962,-1.0881178949260653,-0.42093144986390224,-0.4125522024085892,-0.15810961842773427,1.4707145899606873,-0.5846478824032391,-0.5003201214037766,0.0
1.1245808041002994,0.44418004092459684,2.3448236963609763,-1.099788215637372,1.0332367854162956,2.2280476081908587,1.2208014283843691,0.8453428147466576,1.7068914281359044,-2.3482275943361564,1.5784344438699722,-0.5003201214037766,0.0
0.8956844530169709,0.4366351931712011,0.1424047572209245,-0.7060528663376799,1.0332367854162956,0.8762349190221762,0.48925206294731566,0.8453428147466576,1.7068914281359044,0.23724989333266028,1.5784344438699722,-0.5003201214037766,0.0
-0.25595031337102414,0.23270561259028702,-0.39617079335902156,-0.2021505448261066,-0.7297402843021006,-0.1474815653795238,-0.4889825536254887,0.3960945943340696,-0.5077973146584166,-0.6702075436602704,-0.7533562532546316,-0.5003201214037766,0.0
-1.232336310960846,0.44418004092459684,-0.40263847881049036,1.644661329212814,-1.3745193773457314,-1.1796468790885282,-1.297089410794327,-2.5689436603890115,-0.8574850108890988,1.3705132244451383,-0.45209130530571634,2.959317517400258,0.0
1.0494741889010823,0.44418004092459684,-0.34573345145002715,-1.0051244847175678,1.583622542766602,0.8452558782287274,0.5743159426492987,1.2945910351592456,-0.624359880068644,-0.23270862380364787,0.19864098226394053,-0.5003201214037766,0.0
1.1245808041002994,0.2103991061889428,0.14542932807307657,-1.1630696278204866,1.0332367854162956,-1.29511421295502,0.6338606584406868,0.8453428147466576,1.7068914281359044,-1.8994383797735568,1.5784344438699722,-0.5003201214037766,0.0
0.38066766307948263,0.2171785346050376,-0.3849874398128137,1.9953634390472252,-0.7442623359472273,-0.32490698083291336,-1.067416935598973,0.35116977229281177,-0.2746721838379617,-0.12686211093510982,-0.44606600634673804,0.45108022926733304,0.0
-1.3324784645598022,0.44418004092459684,-0.40279641984715625,1.6485136497762995,-0.8226814148309122,-0.7487565844160108,-1.2885830228241286,-0.7719507787386584,-0.39123474924818913,-0.1508539871853122,-0.6690020678289353,1.7700670790613715,0.0
0.9886735956445732,0.44418004092459684,2.260708812833763,-1.1378886056006279,1.0332367854162956,1.5817121661820825,0.9741161772486192,0.8453428147466576,1.7068914281359044,0.09047606215495438,1.5784344438699722,-0.5003201214037766,0.0
-0.7638140923371585,0.44418004092459684,-0.3955119536060724,1.4675485423305996,-0.8502733129566532,-0.45586383509612943,-0.8802764002546104,0.6207187045403636,-0.15810961842773427,-0.5488368755710145,-0.72322975845974,0.5808166407224844,0.0
0.46650379473573045,0.42985576475510634,-0.39578722226997587,-0.5311950963706766,-0.1415971926744644,-0.32349884261502937,-0.08067593105596998,-0.232852914243553,-0.39123474924818913,0.5632571529677566,0.168514487469049,-0.5003201214037766,0.0
-0.19514972011451495,0.4349950088769849,-0.40118203682237835,-0.18495604084762107,-1.1000526012528344,-0.951528487791313,-0.5740464333274717,-0.232852914243553,-0.8574850108890988,1.0769655620897267,-0.8075839438854363,-0.5003201214037766,0.0
0.5737989593060405,0.3038896109592817,-0.31852472343353955,-0.7870455572090163,-1.0187291120401243,0.32846915226528295,0.7699628659638598,-2.389244372223976,-0.5077973146584166,0.9852319176036612,-0.8437357376393062,0.3645892882972322,0.0
-0.0699720281158201,0.4299651103747213,-0.3972030508486594,0.823224438328061,-0.4523690978801783,-0.003851467155351375,-0.27632285437053106,-1.4008982873162825,-0.5077973146584166,-0.428877494320005,-0.5605466865673259,0.040248259659353906,0.0
0.5129983660495319,-0.018898658142519266,-0.015212500319814179,-0.8942528197196827,1.0332367854162956,-1.0092621547245588,1.3739164118479386,0.8453428147466576,1.7068914281359044,3.477564473948164,1.5784344438699722,-0.5003201214037766,1.0
0.8026953103893689,0.44418004092459684,-0.40030884851966825,-0.7707906436118687,0.13722619891197052,-0.9599773170986173,0.14049015616918506,1.2047413910767284,-0.9740475762993263,0.9316030177502683,-0.7895080470085014,-0.5003201214037766,0.0
-0.6887074771379416,0.42056138708788005,-0.4056957660202375,1.5172998530224469,-1.3745193773457314,-0.981099390366878,-0.9738466679267918,-1.2661238211925059,-0.9740475762993263,1.3055940298857682,-0.72322975845974,1.0132713455729887,0.0
1.1245808041002994,-0.026115469037072004,-0.25567095974208126,-0.9635006308242938,1.248163149764172,-0.8487343978857779,0.4126945712155309,-1.6255223975225765,-0.5077973146584166,-0.35266800505465734,-0.006219182341321825,-0.5003201214037766,0.0
1.02801515598702,0.18065709765381782,-0.22027411712472839,-1.0289431008844863,1.248163149764172,0.231307615231284,2.6753937712882787,-1.6255223975225765,-0.5077973146584166,-0.2736359421128157,-0.006219182341321825,-0.5003201214037766,0.0
0.17323034491021655,0.4299651103747213,-0.4010432743401647,-0.2305261743425144,-1.007111470724023,-0.8684483329361544,-0.39541228595330735,-0.7719507787386584,-0.5077973146584166,-0.001257582331111028,-0.6509261709520004,-0.5003201214037766,0.0
1.0852392437578524,0.40262870547111346,0.4583556477187078,-1.0217082549481835,1.0332367854162956,1.050844058039798,1.161256712592981,0.8453428147466576,1.7068914281359044,-0.8028685064555048,1.5784344438699722,-0.5003201214037766,0.0
0.7597772445612448,0.37966612535208266,-0.397790817135109,-0.3853706691870181,-1.2380120918815392,0.21440995661667558,-0.58255282129767,-0.232852914243553,-0.7409224454788714,-1.00468252432485,-1.2715319637267657,-0.5003201214037766,0.0
-0.048512995201757766,0.425700631209758,-0.36180959268209234,-0.12952020834867847,-0.15757144948410381,-0.29533607825734853,-0.1061950949665649,0.03669601800399886,-0.624359880068644,0.09329863583144841,-0.602723779280174,-0.5003201214037766,0.0
0.92071999141671,0.39628665953347597,-0.3817925182711149,1.1925774172320318,-0.4523690978801783,1.125475383587652,-0.27632285437053106,-1.4008982873162825,-0.5077973146584166,0.0862422016402127,-0.5605466865673259,0.040248259659353906,0.0
0.809848321360723,-0.7703217561328913,1.8587150300111814,-1.1128015424189033,1.0332367854162956,2.558960089393609,1.2208014283843691,0.8453428147466576,1.7068914281359044,-2.749033056398353,1.5784344438699722,-0.5003201214037766,0.0
0.673941112904997,0.41760905535829057,-0.38329070181891717,-0.5137187152777898,-0.3521669415288032,0.13837049285093705,-0.31034840625132426,1.159816569035469,-0.5077973146584166,-0.2524666395391086,-0.12069986256190961,-0.5003201214037766,0.0
0.06593518033990645,0.43029314723356427,-0.40212968304237373,0.748151166859154,-0.8894828523984956,-0.7374914786729384,-1.1099488754499647,0.3062449502515523,-0.624359880068644,0.4277736164960281,-0.741305655336675,0.5808166407224844,0.0
-1.371820024902249,0.4062371109183895,-0.387415219176421,0.018371317673923873,-0.7297402843021006,-0.3277232572686814,-0.4889825536254887,0.3960945943340696,-0.5077973146584166,-0.49379668887937395,-0.7533562532546316,-0.5003201214037766,0.0
0.11242975165370739,0.44418004092459684,-0.37949898878867355,0.10500155083328801,-0.15757144948410381,0.4904050473219481,-0.1061950949665649,0.03669601800399886,-0.624359880068644,-0.7534734671168536,-0.602723779280174,-0.5003201214037766,0.0
0.38066766307948263,-1.40693195352811,-0.20406485416175904,-0.6493955663429981,1.248163149764172,-0.04468747547398853,0.4126945712155309,-1.6255223975225765,-0.5077973146584166,-0.6194012174833727,-0.006219182341321825,-0.5003201214037766,0.0
1.0315916614726974,-0.5851996221256591,0.31407651072440473,-0.752703528771112,1.0332367854162956,1.6394458331153283,0.23406042384136644,0.8453428147466576,1.7068914281359044,-0.21718446858292884,1.5784344438699722,-0.5003201214037766,0.0
-2.094274133009004,0.1673169320608569,-0.4008898459045464,1.8883910741318928,-1.2699606055008184,-1.0867097567081814,-1.3311149626751202,-1.580597575481317,-0.5077973146584166,1.023336662236335,-0.27735763549534553,2.526862812549754,0.0
-0.6279068838814325,0.39989506498075267,-0.40110306630404535,1.0110955350765956,0.4262150266499943,-0.7135531289689097,-1.0163786077777832,-1.0414997109862119,-0.624359880068644,0.3289835378187269,-0.6931032636648485,-0.5003201214037766,0.0
-1.082123080562412,0.3927875997058143,-0.4029126193241319,1.644661329212814,-1.3745193773457314,-0.821979771745981,-1.297089410794327,-2.5689436603890115,-0.8574850108890988,1.3521664955479253,-0.45209130530571634,2.959317517400258,0.0
1.081662738272175,0.44418004092459684,0.7010737921155592,-1.151089850458427,1.0332367854162956,1.2367183028004913,0.9741161772486192,0.8453428147466576,1.7068914281359044,0.6747488131892827,1.5784344438699722,-0.5003201214037766,0.0
1.1245808041002994,-2.044854298358702,-0.16404146732035715,-1.0765803332183232,1.248163149764172,0.5903828607917151,2.6753937712882787,-1.6255223975225765,-0.5077973146584166,-0.9708116402069178,-0.006219182341321825,-0.5003201214037766,0.0
0.9815205846732191,0.44418004092459684,0.25529198502761724,-1.0013191436731488,1.0332367854162956,0.9733964560561754,1.161256712592981,0.8453428147466576,1.7068914281359044,0.12575823311113415,1.5784344438699722,-0.5003201214037766,0.0
0.9707910682161882,0.38742966434470705,-0.13994756217697354,-1.1027949048576533,1.248163149764172,2.4040648854263647,2.6753937712882787,-1.6255223975225765,-0.5077973146584166,-1.9615350006564318,-0.006219182341321825,-0.5003201214037766,0.0
0.3413261027370353,-2.8380474230417865,0.4239572180831359,-0.8797361483280106,1.0332367854162956,1.2761461729012447,1.0421672810102056,0.8453428147466576,1.7068914281359044,-0.17343457659726697,1.5784344438699722,-0.5003201214037766,0.0
-1.6329049253566705,0.16884777073545942,-0.40231582783558717,1.6485136497762995,-0.8226814148309122,-0.4150278267774923,-1.2885830228241286,-0.7719507787386584,-0.39123474924818913,0.3515641272306817,-0.6690020678289353,1.7700670790613715,0.0
1.0172856395299892,0.15343003836982433,-0.3901983658725266,-0.8756019506501234,2.12965168462337,1.823911939658138,0.20854125993077152,0.35116977229281177,-0.8574850108890988,-0.6490382410865632,-1.3016584585216573,-0.5003201214037766,0.0
1.0530506943867592,-0.4138550361898451,-0.38375888417760534,-0.932823004873608,2.4331625640065204,2.425186958694625,0.44672012309632414,0.8004179927053998,-0.624359880068644,-1.7258500986691545,1.849572897023996,-0.5003201214037766,0.0
0.037323136454490015,0.38874181178008027,-0.3941852488980788,-0.14704356896063236,-1.175567269807494,-0.15733853290471217,-0.9483275040161968,-0.14300327016103573,-0.8574850108890988,-0.2157731817446812,-0.7714321501315665,-0.5003201214037766,0.0
1.1245808041002994,0.44418004092459684,0.055084798799655846,-1.1258148692004348,1.248163149764172,1.9661338996644266,2.6753937712882787,-1.6255223975225765,-0.5077973146584166,-1.1966175343264653,-0.006219182341321825,-0.5003201214037766,0.0
-0.9426393666210087,0.30071858799046297,-0.3967258432878761,1.1189135313351317,-0.8793174162469068,-0.7163694054046776,-1.092936099509568,-0.7719507787386584,-0.39123474924818913,0.40942688759881496,-0.6268249751160871,0.7970439931477367,0.0
-0.9211803337069469,0.44418004092459684,-0.3963287343956875,0.2156852977549052,-0.6643910518990299,-1.334542083055773,-0.9313147280758002,-0.3227025583260703,-0.624359880068644,0.7594260234841137,-0.9039887272290892,1.229498697998241,0.0
0.26621948753781843,0.44418004092459684,-0.3935320498964391,-0.14704356896063236,-1.175567269807494,-1.1613410822560357,-0.9483275040161968,-0.14300327016103573,-0.8574850108890988,2.4741395319544273,-0.7714321501315665,-0.5003201214037766,0.0
-1.160806201247306,0.30815409012424433,-0.40523548071338256,3.907899660260739,-1.3019091191200973,-1.1205050739373983,-1.2460510829731375,-0.5922514905736237,-0.5077973146584166,0.5816038818649697,-1.3076837574806357,3.3917722222507622,0.0
0.8706489146172323,0.23850093042985157,-0.39667282022556677,-0.8086561359797904,2.12965168462337,0.7706245526808729,0.20854125993077152,0.35116977229281177,-0.8574850108890988,-0.5008531230706097,-1.3016584585216573,-0.5003201214037766,0.0
0.9672145627305109,0.44418004092459684,-0.3958729616898802,-0.4515648115522806,-1.2380120918815392,-0.9543447642270811,-0.58255282129767,-0.232852914243553,-0.7409224454788714,0.3487415535541864,-1.2715319637267657,-0.5003201214037766,0.0
-1.8904133203254145,0.4275595067432035,-0.40470750639081365,1.156544126107719,-1.3004569139555846,-1.3162362862232806,-1.2035191431221461,-1.6255223975225765,-0.8574850108890988,1.8263588731989753,-0.33761062508512857,3.0674311936128844,0.0
-1.20372426707543,0.37069978454369934,-0.36882555916084414,1.9953634390472252,-0.7442623359472273,-0.4643126644034338,-1.067416935598973,0.35116977229281177,-0.2746721838379617,-0.29339395784827643,-0.44606600634673804,0.45108022926733304,0.0
-0.9533688830780398,0.15802255439363064,-0.13882505266638373,-0.039554429335564266,1.0332367854162956,0.12428911067209666,0.22555403587116812,0.8453428147466576,1.7068914281359044,-0.6278689385128549,1.5784344438699722,-0.5003201214037766,0.0
-1.0070164653631948,0.4316052946689375,-0.40317322203463063,0.7909025292100335,-0.7108616171634358,-0.4164359649953763,-1.0504041596585765,-0.9965748889449524,-0.2746721838379617,0.3868462981868602,-0.45209130530571634,0.9700258750879384,0.0
-1.6686699802134406,0.2900027172682491,-0.4023113152345395,3.184039230477938,-1.3178833759297368,-0.6206160065885625,-1.2205319190625428,1.6539896114893164,-0.624359880068644,-0.9214166008682666,-0.42196481051082485,2.959317517400258,0.0
1.1245808041002994,-3.867317740472428,5.361723126732119,-1.125251114971632,1.0332367854162956,-0.33053953370444966,0.3446434674539444,0.8453428147466576,1.7068914281359044,-0.7887556380730334,1.5784344438699722,-0.5003201214037766,0.0
0.3305965862800044,-0.198116128690572,0.7115723584527943,-1.084191015307161,1.0332367854162956,2.466022967013262,1.161256712592981,0.8453428147466576,1.7068914281359044,-0.6546833884395512,1.5784344438699722,-0.5003201214037766,0.0
-1.3253254535884482,-0.16050123554320767,-0.40494667424633635,2.480990727641774,-1.339666453397427,0.06655544373885083,-1.4587107822280947,-0.05315362607851843,-0.9740475762993263,-0.1212169635821205,-0.9823176136958072,2.959317517400258,0.0
0.7097061677617671,0.3142774448226525,-0.38809549378434627,-0.8528168839026767,2.12965168462337,0.33128542870105127,0.20854125993077152,0.35116977229281177,-0.8574850108890988,-0.4655709521144311,-1.3016584585216573,-0.5003201214037766,0.0
-0.3739749943983651,0.4054716915810886,-0.40098235422602213,-0.20586192683239163,-1.2786738364878945,-0.49669984341476686,-0.718655028820843,0.03669601800399886,-0.2746721838379617,0.4235397559812864,-1.096798293916395,0.9267804046028879,0.0
0.4378917508503145,0.44418004092459684,-0.33781609291201775,-0.2518548759988871,-0.6948873603537962,-0.6839822263933447,-0.42093144986390224,-0.4125522024085892,-0.15810961842773427,0.42636232965778165,-0.5846478824032391,-0.5003201214037766,0.0
0.6810941238763506,-0.7077760617134363,0.9520545090305611,-0.8724073433535741,1.0332367854162956,0.231307615231284,0.48925206294731566,0.8453428147466576,1.7068914281359044,-0.942585903441975,1.5784344438699722,-0.5003201214037766,0.0
0.8527663871888472,0.4096268251264369,-0.3942743727687688,-0.20900955460987392,0.42185841115645634,-0.27562214320697187,-0.05515676714537506,-0.8618004228211772,-0.5077973146584166,0.08059705428722465,-0.7714321501315665,-0.5003201214037766,1.0
0.9350260133594182,0.44418004092459684,-0.30774524768109157,-0.8589242213813737,1.583622542766602,0.8283582196141187,0.5743159426492987,1.2945910351592456,-0.624359880068644,-0.958110058662694,0.19864098226394053,-0.5003201214037766,0.0
0.07308819131126004,-3.8558364504129132,0.5847197585540499,-0.819649343441445,1.0332367854162956,0.6621979099038016,0.23406042384136644,0.8453428147466576,1.7068914281359044,-1.0597227110164893,1.5784344438699722,-0.5003201214037766,0.0
-1.4612326620441742,0.44418004092459684,-0.3982668965456305,0.614729332709157,-0.8764130059178814,-1.2528700664184984,-1.2375446950029392,0.3960945943340696,-0.624359880068644,1.1743443539287812,-0.958216417859894,2.959317517400258,0.0
-1.4361971236444353,0.4126885024756407,-0.40149679074544825,1.3306972032887188,-0.7152182326569738,-0.003851467155351375,-1.0087228586046046,-0.6371763126148832,-0.9740475762993263,-0.8607312668236381,-0.602723779280174,1.0132713455729887,0.0
0.8348838597604622,0.44418004092459684,9.630688843769592,-1.1236068318042904,1.0332367854162956,0.6692386009932219,0.9741161772486192,0.8453428147466576,1.7068914281359044,0.920312723044291,1.5784344438699722,-0.5003201214037766,0.0
-0.13792563234368285,0.44418004092459684,0.24987235116945303,-0.18039902749813172,1.0332367854162956,-0.24182682597775476,-0.2082717506089446,0.8453428147466576,1.7068914281359044,-0.10428152152315506,1.5784344438699722,-0.5003201214037766,0.0
0.5308808934779169,0.42810623484127575,0.17967432927303015,-0.5099603537524378,1.0332367854162956,-0.13762459785433548,1.8162485862982507,0.8453428147466576,1.7068914281359044,-0.26657950792158003,1.5784344438699722,-0.5003201214037766,1.0
-0.3775514998840422,0.44418004092459684,-0.39125318636740253,1.1800338856411694,0.4262150266499943,0.4763236651431077,-1.0163786077777832,-1.0414997109862119,-0.624359880068644,-0.7421831724108763,-0.6931032636648485,-0.5003201214037766,0.0
-0.9390628611353319,0.44418004092459684,-0.397913785513656,0.7960702763073925,0.4262150266499943,-0.28970352538581223,-1.0163786077777832,-1.0414997109862119,-0.624359880068644,-0.4331113548347454,-0.6931032636648485,-0.5003201214037766,0.0
1.035168166958374,0.39114741541159803,0.33050689113870635,-1.224189982126524,1.0332367854162956,-1.3373583594915412,0.6338606584406868,0.8453428147466576,1.7068914281359044,0.9880544912801552,1.5784344438699722,-0.5003201214037766,1.0
0.6918236403333821,-3.1418095543306768,1.13593172021753,-0.933762595254946,1.0332367854162956,3.036318945256301,1.5610569471923015,0.8453428147466576,1.7068914281359044,-0.537546580865037,1.5784344438699722,-0.5003201214037766,0.0
0.8706489146172323,0.42285764509978285,-0.3932545249320119,-0.6834557176665008,-0.1415971926744644,0.5284247792048175,-0.08067593105596998,-0.232852914243553,-0.39123474924818913,-0.5685948913064739,0.168514487469049,-0.5003201214037766,0.0
-0.3632454779413342,0.44418004092459684,-0.4006427809971905,-0.46002112498432257,-1.2380120918815392,-1.04446561017166,-0.58255282129767,-0.232852914243553,-0.7409224454788714,0.9372481651032577,-1.2715319637267657,-0.5003201214037766,0.0
-1.100005607990797,-0.06373036218443634,-0.1098417442879285,-0.6054697160154462,-0.15757144948410381,0.02571943542021367,-0.1061950949665649,0.03669601800399886,-0.624359880068644,-1.8952045192588152,-0.602723779280174,-0.5003201214037766,0.0
-0.316750906627533,0.3682941809121816,-0.40434537015674404,1.155087761016645,-1.320787786258762,-0.53612771351552,-0.3273611821917209,-1.0864245330274704,-0.9740475762993263,0.3162819562745019,0.10826149787926596,-0.5003201214037766,0.0
-1.0892760915337658,0.3655605404218208,-0.4014291017297343,1.2450535400297595,-0.841560081969577,-0.9543447642270811,-0.35288034610231583,0.8453428147466576,-0.5077973146584166,0.00015370450713536057,-1.0847476959984383,-0.5003201214037766,0.0
-0.5492237631965382,0.34926804309927106,0.1383727481848964,-0.30813633984103384,1.0332367854162956,-0.14184901250798776,0.22555403587116812,0.8453428147466576,1.7068914281359044,-0.5798851860124513,1.5784344438699722,-0.5003201214037766,0.0
0.4200092234219295,-3.8574766347071296,0.5179851579616579,-0.4834169254796391,1.0332367854162956,0.6312188691103527,1.3313844719969472,0.8453428147466576,1.7068914281359044,-0.5361352940267894,1.5784344438699722,-0.5003201214037766,0.0
0.06593518033990645,0.24790465371669282,-0.36976869277979196,-0.07342666258279956,-0.6948873603537962,-1.1979526759210206,-0.42093144986390224,-0.4125522024085892,-0.15810961842773427,2.7253485891624223,-0.5846478824032391,-0.5003201214037766,0.0
0.6703646074193197,0.4309492209512509,-0.36551218184164586,-0.09672850403998208,-0.15757144948410381,-0.4474150057888253,-0.1061950949665649,0.03669601800399886,-0.624359880068644,0.3543867009071757,-0.602723779280174,-0.5003201214037766,0.0
0.8313073542747849,0.42460717501361406,-0.15419158738371425,-0.6512277675866072,1.248163149764172,-0.11509438636819075,0.4126945712155309,-1.6255223975225765,-0.5077973146584166,-0.6518608147630572,-0.006219182341321825,-0.5003201214037766,0.0
0.8921079475312941,0.24025046034368275,-0.3707648494610491,-0.8650315588600708,1.583622542766602,0.6255863162388162,0.5743159426492987,1.2945910351592456,-0.624359880068644,-0.527667572997306,0.19864098226394053,-0.5003201214037766,0.0
-1.1429236738189208,-0.021522953013265716,-0.40189954038894626,1.644661329212814,-1.3745193773457314,-0.5417602663870563,-1.297089410794327,-2.5689436603890115,-0.8574850108890988,1.116481593560648,-0.45209130530571634,2.959317517400258,0.0
1.1245808041002994,0.29536065262935635,-0.3323095914836872,-0.8989977511454397,-1.0187291120401243,-0.6572276002535479,0.7699628659638598,-2.389244372223976,-0.5077973146584166,1.4354324190045087,-0.8437357376393062,0.3645892882972322,0.0
0.16965383942453924,0.3240092049683374,-0.342262133094163,0.014190140476969681,-0.6948873603537962,-1.4063571321678592,-0.42093144986390224,-0.4125522024085892,-0.15810961842773427,2.8523644046046677,-0.5846478824032391,-0.5003201214037766,0.0
0.702553156790413,-0.12430783545083088,-0.3878337629235857,-0.6319191852501113,-0.1415971926744644,0.4650585594000353,-0.08067593105596998,-0.232852914243553,-0.39123474924818913,-0.5474255887327668,0.168514487469049,-0.5003201214037766,0.0
0.04089964194016732,0.3594371857234126,-0.39938038085412514,-0.7284151174135246,2.12965168462337,0.2693273471141531,0.20854125993077152,0.35116977229281177,-0.8574850108890988,-0.6292802253511025,-1.3016584585216573,-0.5003201214037766,0.0
-1.7902711667264586,0.39420909276080185,-0.3989911690137699,3.242575711235296,-1.3498318895490158,-0.6572276002535479,-1.2375446950029392,-0.008228804037258987,-0.624359880068644,-0.6095222096156417,0.04198320933050461,2.0944081076992496,0.0
0.3484791137083894,0.31460548168149616,-0.3715895273024975,-0.4292965195145698,-0.6948873603537962,-1.1711980497812242,-0.4464506137744972,-0.4125522024085892,-0.15810961842773427,2.752163039089119,-0.5846478824032391,-0.5003201214037766,0.0
1.1245808041002994,0.15244592779329472,1.9299351560448854,-1.2356060052597808,1.0332367854162956,1.532427328556141,0.8720395216062394,0.8453428147466576,1.7068914281359044,-3.0736290291952026,1.5784344438699722,-0.5003201214037766,0.0
-0.35966897245565715,0.44418004092459684,-0.4002242372500258,0.4716766971504454,-0.841560081969577,-0.4460068675709413,-0.35288034610231583,0.8453428147466576,-0.5077973146584166,-0.4909741152028799,-1.0847476959984383,-0.5003201214037766,0.0
0.9815205846732191,0.39180348912928464,-0.3779274754738478,-0.9489369799135549,1.583622542766602,0.6664223245574539,0.5743159426492987,1.2945910351592456,-0.624359880068644,-0.8790779957208524,0.19864098226394053,-0.5003201214037766,0.0
-1.3110194316457402,0.42034269584865136,-0.40592703682392683,1.6438626773886764,-1.2685084003363056,-0.5952695186666498,-1.4246852303473017,-1.355973465275023,-0.9740475762993263,0.1935000013469984,-0.6268249751160871,1.8781807552739975,0.0
1.1245808041002994,-3.597780788122855,1.6330511331234618,-0.927138483066513,1.0332367854162956,2.33647425096793,1.0421672810102056,0.8453428147466576,1.7068914281359044,0.16668555142030198,1.5784344438699722,-0.5003201214037766,0.0
0.5952579922201029,0.34347272525970585,-0.3923655425256352,-0.7919784067110408,-0.3521669415288032,0.22989947701339997,-0.31034840625132426,1.159816569035469,-0.5077973146584166,-0.26657950792158003,-0.12069986256190961,-0.5003201214037766,0.0
1.1245808041002994,0.44418004092459684,1.6797114279556178,-1.254914587596277,1.0332367854162956,3.5925335413204977,0.9485970133380243,0.8453428147466576,1.7068914281359044,-3.0736290291952026,1.5784344438699722,-0.5003201214037766,0.0
1.0637802108437902,-0.5693445072815667,0.441883525744716,-0.762569227775161,1.0332367854162956,0.9649476267488709,1.3313844719969472,0.8453428147466576,1.7068914281359044,0.1426936751700996,1.5784344438699722,-0.5003201214037766,0.0
0.9600615517591573,0.354407287221149,-0.3699548375730054,-0.628724577953562,1.583622542766602,0.3622644694945001,0.5743159426492987,1.2945910351592456,-0.624359880068644,-0.6970219935869667,0.19864098226394053,-0.5003201214037766,0.0
1.1245808041002994,-2.458727468599325,1.1183438576345197,-1.0793991043623372,1.0332367854162956,0.12288097245421264,0.6338606584406868,0.8453428147466576,1.7068914281359044,-3.4617329097131746,1.5784344438699722,-0.5003201214037766,0.0
-1.0213224873059028,0.36206148059415905,-0.3933222139477258,0.8985795869113693,-0.5917807936733958,-0.409395273905956,-0.9228083401056019,-0.18792809220229514,-0.7409224454788714,-0.34843414453991567,-1.0305200053676336,-0.5003201214037766,0.0
-1.4218911017017273,0.40470627224378763,-0.3869707279732327,-0.4743028987806604,-0.18806775793887026,0.7241559914906998,0.24256681181156475,0.3960945943340696,-0.39123474924818913,-0.9115375930005369,-0.07852276984906148,-0.5003201214037766,0.0
-1.8153067051261977,0.44418004092459684,-0.4031201989723214,1.316979183721184,-1.105861421910885,-1.0965667242333696,-1.3481277386155168,-0.9965748889449524,-0.624359880068644,-0.0365397532872908,-0.4038889136338899,2.959317517400258,0.0
-1.5649513211288075,0.4290903454178054,-0.4054701359678576,0.9756729777001526,-1.4195377374456244,-1.3091955951338603,-1.3226085747049219,-2.1196954399764234,-0.9740475762993263,2.2680916535703393,-1.2414054689318743,3.3917722222507622,1.0
-0.4455051041119052,0.3938810559019588,-0.4006935477589759,0.2957383982449038,-0.9432144434854648,-0.8346530157069374,-0.9143019521354036,0.0816208400452583,-0.7409224454788714,0.4432977717167471,-0.9461658199419374,-0.5003201214037766,0.0
-0.5599532796535694,0.18011036955574555,-0.39555482331602454,1.5161723445648414,-0.8793174162469068,-0.1742361915193206,-1.092936099509568,-0.7719507787386584,-0.39123474924818913,0.059427751713516275,-0.6268249751160871,0.7970439931477367,0.0
-0.5349177412538303,0.3974894613492349,-0.4008435917438085,-0.2861029453986576,-1.2380120918815392,-1.1275457650268184,-0.58255282129767,-0.232852914243553,-0.7409224454788714,2.1382532644516,-1.2715319637267657,-0.5003201214037766,0.0
0.9600615517591573,-3.8117701657082974,1.382116670369198,-0.8919508232854048,1.0332367854162956,1.6802818414339655,1.0421672810102056,0.8453428147466576,1.7068914281359044,-0.5925867675566763,1.5784344438699722,-0.5003201214037766,0.0
1.1245808041002994,0.08782266660116557,-0.24639982088979268,-0.9594603921845406,1.248163149764172,-0.7135531289689097,2.6753937712882787,-1.6255223975225765,-0.5077973146584166,0.27394335112708645,-0.006219182341321825,-0.5003201214037766,0.0
-1.0570875421626729,0.3741988443713611,-0.3965836963548767,0.7717348854307381,-0.4523690978801783,0.45801786831061525,-0.27632285437053106,-1.4008982873162825,-0.5077973146584166,-0.602465775424406,-0.5605466865673259,0.040248259659353906,0.0
-0.012747940344987732,0.44418004092459684,-0.39992414928036063,-0.21041894018188098,-0.7297402843021006,-0.39108947707346353,-0.4889825536254887,0.3960945943340696,-0.5077973146584166,-0.5403691545415311,-0.7533562532546316,-0.5003201214037766,0.0
0.9242964969023872,0.34620636575006664,-0.31995860241641355,0.3037249164862766,-0.41315955843833585,0.0482496469063584,-0.15723342278775473,1.2047413910767284,-0.624359880068644,0.2527740485533793,-0.5846478824032391,-0.5003201214037766,0.0
0.9314495078737409,-0.6996844858619683,-0.27094837058872173,-0.6493955663429981,1.248163149764172,0.27777617642145747,0.4126945712155309,-1.6255223975225765,-0.5077973146584166,-0.6222237911598668,-0.006219182341321825,-0.5003201214037766,0.0
1.1245808041002994,0.44418004092459684,-0.032499146782897316,-1.168190395398779,1.248163149764172,2.022459428379788,2.6753937712882787,-1.6255223975225765,-0.5077973146584166,-1.288351178812532,-0.006219182341321825,-0.5003201214037766,1.0
1.1245808041002994,0.2168504977461946,0.6753767854500167,-1.0190774018804372,1.0332367854162956,1.1057614485372753,1.161256712592981,0.8453428147466576,1.7068914281359044,0.1243469462728865,1.5784344438699722,-0.5003201214037766,0.0
-1.218030289018138,0.3670913790964233,-0.4038929819017224,2.341414576494013,-1.4137289167875737,-0.9247738616515163,-1.0844297115393697,0.6207187045403636,-0.9740475762993263,0.8793854047351232,-0.41593951155184655,1.229498697998241,0.0
0.8134248268463998,0.4260286680686016,-0.36116767518307163,-0.35713597822781085,-0.6948873603537962,1.2676973435939407,-0.42093144986390224,-0.4125522024085892,-0.15810961842773427,-0.2143618949064348,-0.5846478824032391,-0.5003201214037766,1.0
-0.3847045108553963,0.018606889385230738,-0.3933955437147493,-0.14704356896063236,-1.175567269807494,-0.8177553570923288,-0.9483275040161968,-0.14300327016103573,-0.8574850108890988,0.4362413375255114,-0.7714321501315665,-0.5003201214037766,0.0
-0.198726225600192,0.41214177437756905,-0.4022707018251112,1.4124415664651255,-0.7762108495665064,-0.4262929325205646,-0.9993658318373867,-0.6821011346561411,-0.624359880068644,-0.28351494998054544,-0.9702670157778506,0.4078347587822826,0.0
-0.5098822028540915,0.3823997658424434,-0.3943826751939112,1.1875975882109402,-0.8793174162469068,-0.15170598003317587,-1.092936099509568,-0.7719507787386584,-0.39123474924818913,0.8201113575287422,-0.6268249751160871,0.7970439931477367,0.0
0.88495493655994,0.07371708167090371,1.3175526308807004,-1.157244167456191,1.0332367854162956,1.5183459463773001,0.9741161772486192,0.8453428147466576,1.7068914281359044,0.4701122216434435,1.5784344438699722,-0.5003201214037766,0.0
1.1245808041002994,0.44418004092459684,0.6292704123964538,-1.0466074000536407,1.0332367854162956,1.5690389222211263,1.2208014283843691,0.8453428147466576,1.7068914281359044,-1.1006500293256583,1.5784344438699722,-0.5003201214037766,0.0
0.20899539976698658,0.3826184570816721,-0.3996703154714333,-0.4194778000295878,-1.007111470724023,-0.7797356252094597,-0.39541228595330735,-0.7719507787386584,-0.5077973146584166,0.767893744513597,-0.6509261709520004,-0.5003201214037766,0.0
-2.348206022492071,0.3185419239876158,-0.3927863425733237,0.8985795869113693,-0.5917807936733958,-1.0726283745293408,-0.9228083401056019,-0.18792809220229514,-0.7409224454788714,0.6408779290713505,-1.0305200053676336,-0.5003201214037766,0.0
0.8527663871888472,0.3845866782347319,2.0805319345058244,-0.9123399345604394,1.0332367854162956,1.3592263277564034,1.5610569471923015,0.8453428147466576,1.7068914281359044,-0.7026671409399561,1.5784344438699722,-0.5003201214037766,0.0
0.49869234410682367,0.24167195339867031,0.1899720848636471,-0.7706497050546679,1.0332367854162956,0.8875000247652488,1.2208014283843691,0.8453428147466576,1.7068914281359044,-0.3738373076283645,1.5784344438699722,-0.5003201214037766,0.0
-0.5742593015962774,0.4219828801428676,-0.38125100614540314,0.25683935645751,-0.05736929313272884,-0.2094396469664217,-0.5740464333274717,0.12654566208651774,-0.624359880068644,0.014266572889606768,-0.7654068511725882,-0.5003201214037766,0.0
-0.6744014551952334,0.22734767722917978,-0.4002490565557876,0.6594538348608463,-1.111670242568936,-1.330317668402121,-0.9661909187536132,-1.5356727534400585,-0.5077973146584166,1.875753912537625,-1.1329500876702647,0.3645892882972322,1.0
-1.307442926160063,0.40033244745921,-0.4017269333988757,2.5425808771384806,-1.0666518824690427,-0.8290204628354012,-1.3991660664367067,-0.8618004228211772,-0.9740475762993263,-0.29339395784827643,-0.5364454907314127,2.959317517400258,0.0
0.7955422994180149,-3.6598891000638525,0.8150970672359845,-0.934279369964682,1.0332367854162956,1.8774211919377315,1.0421672810102056,0.8453428147466576,1.7068914281359044,0.6578133711303172,1.5784344438699722,-0.5003201214037766,0.0
-0.5134587083397683,0.44418004092459684,-0.3993736119525538,1.0589206854867,-1.2786738364878945,-1.0036296018530226,-0.8377444604036188,0.17147048412777557,-0.7409224454788714,1.172933067090535,-1.096798293916395,-0.5003201214037766,0.0
-1.228759805475169,0.32871106661175736,-0.40542839440816736,1.1875975882109402,-1.0506776256594033,-1.3162362862232806,-1.38215329049631,-1.0864245330274704,-0.7409224454788714,1.6061981264324157,-0.9642417168188723,3.3917722222507622,0.0
1.0995452657005602,0.21422620287544816,0.5233449998559415,-0.6368050552330687,1.0332367854162956,0.6030561047526715,1.3313844719969472,0.8453428147466576,1.7068914281359044,1.5201096292993383,1.5784344438699722,-0.5003201214037766,0.0
0.4057032014792218,0.4207800783271087,-0.39039240771757333,-0.48407463874657564,-0.3521669415288032,-0.42770107073844865,-0.31034840625132426,1.159816569035469,-0.5077973146584166,0.5801925950267233,-0.12069986256190961,-0.5003201214037766,0.0
0.6417525635339039,0.34008301105165845,-0.36405235540274816,-0.2783513247526189,-0.6948873603537962,-1.3134200097875124,-0.4464506137744972,-0.4125522024085892,-0.15810961842773427,2.433212213645257,-0.5846478824032391,-0.5003201214037766,0.0
0.92071999141671,-3.006439677248011,0.7280151485199767,-0.8080454022319206,1.0332367854162956,1.018456879028465,0.23406042384136644,0.8453428147466576,1.7068914281359044,0.7297889998809232,1.5784344438699722,-0.5003201214037766,0.0
-1.2967134097030322,0.3229157487721928,-0.39131072203075934,0.06445822587855296,-0.05736929313272884,-0.4333336236099847,-0.5740464333274717,0.12654566208651774,-0.624359880068644,0.08341962796371867,-0.7654068511725882,-0.5003201214037766,0.0
-0.316750906627533,-3.6262106492226076,0.9745046992423574,-0.8506088465065323,1.0332367854162956,0.455201591874847,0.23406042384136644,0.8453428147466576,1.7068914281359044,-0.6758526910132596,1.5784344438699722,-0.5003201214037766,0.0
1.02801515598702,-0.08909854593498433,-0.1461208004100866,-0.666871947435885,1.248163149764172,-0.06017699587071319,0.4126945712155309,-1.6255223975225765,-0.5077973146584166,-0.6151673569686311,-0.006219182341321825,-0.5003201214037766,0.0
-1.1321941573618899,0.40733056711453347,-0.3979273233167988,-0.14704356896063236,-1.175567269807494,-1.2514619282006145,-0.9483275040161968,-0.14300327016103573,-0.8574850108890988,2.122729109230881,-0.7714321501315665,-0.5003201214037766,0.0
-1.6150223979282854,0.44418004092459684,-0.40308522631420246,0.614729332709157,-0.8764130059178814,-1.0923423095797176,-1.2375446950029392,0.3960945943340696,-0.624359880068644,0.4432977717167471,-0.958216417859894,2.959317517400258,0.0
-0.9354863556496548,0.408424023310678,-0.3848238580248383,0.06445822587855296,-0.05736929313272884,-0.4206603796490283,-0.5740464333274717,0.12654566208651774,-0.624359880068644,-0.18895873181798475,-0.7654068511725882,-0.5003201214037766,0.0
0.8885314420456173,0.23839158481023726,-0.3877920213638954,1.4142267881896677,-0.8502733129566532,0.27918431463934146,-0.8802764002546104,0.6207187045403636,-0.15810961842773427,-0.49379668887937395,-0.72322975845974,0.5808166407224844,0.0
0.6059875086771338,0.3986922631649938,-0.38129838845640296,0.8837810384052955,-0.5917807936733958,0.8931325776367849,-0.9228083401056019,-0.18792809220229514,-0.7409224454788714,-0.4034743312315549,-1.0305200053676336,-0.5003201214037766,0.0
0.48080981667843864,-1.352368489340509,-0.2505773613096058,0.08541109138239072,-0.41315955843833585,2.147783729771468,-0.15723342278775473,1.2047413910767284,-0.624359880068644,-0.5163772782913287,-0.5846478824032391,-0.5003201214037766,0.0
-0.055666006173111876,0.30902885508116024,-0.34191804726428365,-0.6514156856628747,-1.0187291120401243,-0.7065124378794894,0.1575029321095817,-2.389244372223976,-0.5077973146584166,2.795912931074782,-0.8437357376393062,0.3645892882972322,0.0
-0.8889917843358536,0.44418004092459684,-0.3799716837484094,0.7552920537573229,-0.5235271509412998,0.046841508688474136,-0.5400208814466786,0.5757938824991058,-0.5077973146584166,-0.32867612880445496,-0.7051538615828051,-0.5003201214037766,0.0
-1.9547904190676009,0.3064045602104138,-0.4051576383453115,1.806458792879219,-1.3817804031682948,-1.1275457650268184,-1.3055957987645253,-0.5922514905736237,-0.7409224454788714,1.1559976250315682,-0.01224448130030013,3.6079995746760147,0.0
1.0602037053581133,-0.010807082291051252,0.206678862092114,-0.6826100863232967,1.0332367854162956,0.7424617883231921,1.3313844719969472,0.8453428147466576,1.7068914281359044,0.47857994267292686,1.5784344438699722,-0.5003201214037766,0.0
0.7240121897044748,-0.545616507825235,-0.29933827192941787,0.30311418273840707,-0.41315955843833585,0.6790955685184102,-0.15723342278775473,1.2047413910767284,-0.624359880068644,-0.3794824549813538,-0.5846478824032391,-0.5003201214037766,0.0
0.8599193981602008,0.44418004092459684,0.5680953362947015,-0.9475745738606147,1.0332367854162956,0.38197840454487675,1.161256712592981,0.8453428147466576,1.7068914281359044,-0.17343457659726697,1.5784344438699722,-0.5003201214037766,0.0
-0.01632444583066504,0.2413439165398273,-0.34658182044697544,-0.06421867684568706,-0.6948873603537962,-0.11368624815030673,-0.4464506137744972,-0.4125522024085892,-0.15810961842773427,-0.47262738630566686,-0.5846478824032391,-0.5003201214037766,0.0
0.4736568057070845,0.3993483368826804,-0.34623096571552475,-0.7968172971749315,-1.0187291120401243,-0.4037627210344199,0.7699628659638598,-2.389244372223976,-0.5077973146584166,1.2519651300323766,-0.8437357376393062,0.3645892882972322,0.0
-0.8210381801079906,0.44418004092459684,-0.4019852798088506,1.6485136497762995,-0.8226814148309122,-0.6839822263933447,-1.2885830228241286,-0.7719507787386584,-0.39123474924818913,-0.001257582331111028,-0.6690020678289353,1.7700670790613715,0.0
1.0602037053581133,0.36446708422567686,-0.2002866789346583,-0.8303606737886983,1.248163149764172,-1.4838047341514817,0.4126945712155309,-1.6255223975225765,-0.5077973146584166,2.097325946142431,-0.006219182341321825,-0.5003201214037766,1.0
0.9672145627305109,-3.231800999273354,0.6464036304239185,-0.8644208251122011,1.0332367854162956,1.63662955667956,1.0421672810102056,0.8453428147466576,1.7068914281359044,0.09047606215495438,1.5784344438699722,-0.5003201214037766,0.0
1.0602037053581133,0.3910380697919837,-0.3789822959687237,-1.0051714642366345,1.583622542766602,1.247983408543564,0.5743159426492987,1.2945910351592456,-0.624359880068644,-0.6476269542483155,0.19864098226394053,-0.5003201214037766,0.0
-0.027053962287695948,0.44418004092459684,-0.39472337657300477,1.6054334307919522,-0.8502733129566532,-0.8064902513492564,-0.8802764002546104,0.6207187045403636,-0.15810961842773427,0.19773386186174008,-0.72322975845974,0.5808166407224844,0.0
1.0602037053581133,0.4197959677505791,-0.3442375242027486,-0.7974750104418681,1.583622542766602,0.6340351455461208,0.5743159426492987,1.2945910351592456,-0.624359880068644,0.026968154433831788,0.19864098226394053,-0.5003201214037766,0.0
1.081662738272175,0.44418004092459684,-0.3704500955379792,-0.937567936299365,1.583622542766602,0.41295744533832585,0.5743159426492987,1.2945910351592456,-0.624359880068644,0.1624516909055603,0.19864098226394053,-0.5003201214037766,0.0
0.3019845423945885,0.42646605054705894,0.23939747598771788,-0.1867882420912301,1.0332367854162956,-0.7670623812485033,-0.2082717506089446,0.8453428147466576,1.7068914281359044,1.051562399001278,1.5784344438699722,-0.5003201214037766,0.0
1.1245808041002994,0.33188208958057613,-0.3833324433786074,1.0682696097810132,-0.4523690978801783,2.460390414141726,-0.27632285437053106,-1.4008982873162825,-0.5077973146584166,-0.9665777796921762,-0.5605466865673259,0.040248259659353906,0.0
-1.4183145962160502,0.44418004092459684,-0.37292751351311004,0.7552920537573229,-0.5235271509412998,-0.888162267986531,-0.5400208814466786,0.5757938824991058,-0.5077973146584166,-0.005491442845852701,-0.7051538615828051,-0.5003201214037766,0.0
-0.42404607119784316,0.44418004092459684,1.0679042594250017,-0.4625110394948683,1.0332367854162956,0.3242447376116309,0.2000348719605732,0.8453428147466576,1.7068914281359044,-0.8508522589559083,1.5784344438699722,-0.5003201214037766,0.0
-0.32390391759888715,0.40415954414571537,-0.40496246835000294,2.5438023446342197,-1.394850249648909,-0.6206160065885625,-1.1941621163549276,0.12654566208651774,-0.7409224454788714,1.1122477330459064,-1.1329500876702647,0.25647561208460606,0.0
-0.7566610813658046,0.37813528667748075,-0.40218044980415923,1.8883910741318928,-1.2699606055008184,-0.8994273737296034,-1.3311149626751202,-1.580597575481317,-0.5077973146584166,0.7834178997343161,-0.27735763549534553,2.526862812549754,0.0
0.5702224538203637,0.2596046350154369,-0.33519201540283994,0.30710744185909344,-0.41315955843833585,-0.30941746043618895,-0.15723342278775473,1.2047413910767284,-0.624359880068644,-0.3103293999072419,-0.5846478824032391,-0.5003201214037766,0.0
0.9099904749596791,-2.926617374929476,-0.13114122123258748,-0.9733193503092761,1.248163149764172,0.5185678116796292,2.6753937712882787,-1.6255223975225765,-0.5077973146584166,-1.4732297546229105,-0.006219182341321825,-0.5003201214037766,0.0
-1.8868368148397379,0.4301838016139499,-0.4033740327812487,0.7483390849354216,-1.166854038820418,-1.4753559048441773,-1.092936099509568,-0.008228804037258987,-0.7409224454788714,0.9993447859861326,-0.9160393251470458,2.743090164975006,0.0
1.1245808041002994,0.4096268251264369,1.6084687389166763,-1.1378886056006279,1.0332367854162956,1.3127577665662302,0.9741161772486192,0.8453428147466576,1.7068914281359044,-0.1310959714498515,1.5784344438699722,-0.5003201214037766,0.0
-0.7280490374803884,-0.23923008166559867,-0.05026187265650198,-0.3484447672004343,1.0332367854162956,0.2355320298849363,0.8380139697254463,0.8453428147466576,1.7068914281359044,-0.7859330643965381,1.5784344438699722,-0.5003201214037766,0.0
1.1245808041002994,-0.26448891979653233,0.9411001699875189,-1.1852909403391305,1.0332367854162956,-0.04609561369187255,0.8720395216062394,0.8453428147466576,1.7068914281359044,-0.9990373769718619,1.5784344438699722,-0.5003201214037766,0.0
-0.44908160959758225,0.3993483368826804,-0.40201912431670767,-0.3270221065059278,0.42185841115645634,0.14822746037612541,-0.05515676714537506,-0.8618004228211772,-0.5077973146584166,-0.6038770622626537,-0.7714321501315665,-0.5003201214037766,1.0
-1.300289915188709,0.44418004092459684,-0.3834294643011308,0.13741741898944923,-1.111670242568936,-1.071220236311457,-0.9661909187536132,-1.5356727534400585,-0.5077973146584166,0.7001519762777327,-1.1329500876702647,0.3645892882972322,0.0
0.9064139694740023,0.44418004092459684,0.6522406798789856,-0.9353598989032207,1.0332367854162956,1.4676529705334747,1.5610569471923015,0.8453428147466576,1.7068914281359044,-0.9722229270451654,1.5784344438699722,-0.5003201214037766,0.0
0.7418947171328598,0.4064558021576182,-0.39480009079081396,-0.6667779883977512,0.13722619891197052,-0.8416937067963576,0.14049015616918506,1.2047413910767284,-0.9740475762993263,0.6747488131892827,-0.7895080470085014,-0.5003201214037766,0.0
-0.3203274121132101,0.421326806425181,-0.4037327845645327,0.8488282762195217,-0.841560081969577,-0.26717331389966753,-0.35288034610231583,0.8453428147466576,-0.5077973146584166,-0.5939980543949239,-1.0847476959984383,-0.5003201214037766,0.0
0.28410201496620346,0.35178299235040256,-0.3484342431770141,0.15963873150809307,-0.6948873603537962,-0.4108034121238402,-0.42093144986390224,-0.4125522024085892,-0.15810961842773427,0.44470905855499476,-0.5846478824032391,-0.5003201214037766,1.0
0.14819480651047742,0.362498863072617,-0.3787352310613677,0.25683935645751,-0.05736929313272884,0.7889303495133654,-0.5740464333274717,0.12654566208651774,-0.624359880068644,-0.7520621802786059,-0.7654068511725882,-0.5003201214037766,0.0
-0.5277647302824764,0.37901005163439605,-0.3826611939727773,-0.0730978059493312,-0.05736929313272884,0.5030782912829047,-0.5740464333274717,0.12654566208651774,-0.624359880068644,-0.7181912961606739,-0.7654068511725882,-0.5003201214037766,1.0
-1.339631475531156,0.44418004092459684,-0.3925742503240866,1.0110955350765956,0.4262150266499943,-0.8712646093719226,-1.0163786077777832,-1.0414997109862119,-0.624359880068644,0.5110395399526113,-0.6931032636648485,-0.5003201214037766,0.0
0.5165748715352086,0.44418004092459684,0.3436114845809287,-0.5044637500216105,1.0332367854162956,0.21581809483455958,1.3313844719969472,0.8453428147466576,1.7068914281359044,0.0015649913453830027,1.5784344438699722,-0.5003201214037766,0.0
-2.133615693351451,0.22734767722917978,-0.38301092055396607,1.6858623674344857,-0.7442623359472273,-1.2486456517648463,-1.067416935598973,0.35116977229281177,-0.2746721838379617,0.17233069877329005,-0.44606600634673804,0.45108022926733304,0.0
-0.9283333446783006,0.44418004092459684,-0.3756237926390494,-0.6701605137705681,-0.18806775793887026,0.15949256611919777,0.24256681181156475,0.3960945943340696,-0.39123474924818913,-0.5502481624092609,-0.07852276984906148,-0.5003201214037766,0.0
-0.11289009394394373,0.44418004092459684,0.4772296016002833,-0.39688065135840855,1.0332367854162956,0.10739145205748825,0.8380139697254463,0.8453428147466576,1.7068914281359044,-0.1508539871853122,1.5784344438699722,-0.5003201214037766,0.0
-1.8188832106118744,0.37343342503406013,-0.39588198689197535,0.7909025292100335,-0.7108616171634358,-1.0698120980935728,-1.0504041596585765,-0.9965748889449524,-0.2746721838379617,0.9400707387797517,-0.45209130530571634,0.9700258750879384,0.0
-0.8639562459361148,0.44418004092459684,-0.40015654823431185,2.341414576494013,-1.4137289167875737,-0.9121006176905597,-1.0844297115393697,0.6207187045403636,-0.9740475762993263,0.24571761436214362,-0.41593951155184655,1.229498697998241,0.0
-0.2523738078853471,0.38338387641897304,-0.3969368073868512,0.05135094005888785,-0.5845197678508324,0.1679413954265021,-0.786706132582429,0.12654566208651774,-0.7409224454788714,-0.5587158834387442,-1.0907729949574165,0.3645892882972322,1.0
-1.078546575076735,0.4099548619852799,-0.40327701185872533,1.156544126107719,-1.3004569139555846,-0.7079205760973735,-1.2035191431221461,-1.6255223975225765,-0.8574850108890988,-0.21718446858292884,-0.33761062508512857,3.0674311936128844,0.0
0.7955422994180149,0.19848043365097007,-0.24207449278567073,-0.8631523780973948,1.248163149764172,-1.5105593602912786,0.4126945712155309,-1.6255223975225765,-0.5077973146584166,1.655593165771067,-0.006219182341321825,-0.5003201214037766,0.0
-2.219451825007699,0.4174997097386756,-0.38918528693734106,0.8985795869113693,-0.5917807936733958,-0.7065124378794894,-0.9228083401056019,-0.18792809220229514,-0.7409224454788714,-0.14803141350881693,-1.0305200053676336,-0.5003201214037766,0.0
0.5916814867344256,0.3991296456434511,-0.3992517717242686,-0.18185539258920558,0.42185841115645634,-0.3896813388555795,-0.05515676714537506,-0.8618004228211772,-0.5077973146584166,0.4602332137757138,-0.7714321501315665,-0.5003201214037766,0.0
1.1245808041002994,0.44418004092459684,1.1988937863341307,-1.0495671097548553,1.0332367854162956,1.1071695867551596,1.161256712592981,0.8453428147466576,1.7068914281359044,0.038258449139809164,1.5784344438699722,-0.5003201214037766,0.0
-1.6829760021561484,0.23401776002566024,-0.39693342293606554,1.255107157110076,-1.0956959857592965,-1.0360167808643557,-1.0163786077777832,-1.4008982873162825,-0.5077973146584166,0.8963208467940885,-0.036345677136213346,1.4457260504234932,0.0
0.2912550259375576,0.4369632300300447,-0.3677459193602065,-0.33153214033635015,-0.15757144948410381,-0.3502534687548261,-0.1061950949665649,0.03669601800399886,-0.624359880068644,-0.4853289678498906,-0.602723779280174,-0.5003201214037766,0.0
1.1245808041002994,0.3898352679762248,-0.3330835025633501,-0.8444545295087684,-1.0187291120401243,-0.7825519016452277,0.7699628659638598,-2.389244372223976,-0.5077973146584166,0.742490581425147,-0.8437357376393062,0.3645892882972322,0.0
1.0065561230729583,0.4130165393344843,-0.3922019607376598,-0.7992602321664103,-0.3521669415288032,0.5650363728698024,-0.31034840625132426,1.159816569035469,-0.5077973146584166,-0.6560946752777989,-0.12069986256190961,-0.5003201214037766,0.0
-1.6865525076418255,0.44418004092459684,-0.401544173056448,1.4124415664651255,-0.7762108495665064,-0.5671067543089691,-0.9993658318373867,-0.6821011346561411,-0.624359880068644,-0.4486355100554644,-0.9702670157778506,0.4078347587822826,0.0
1.0852392437578524,0.44418004092459684,0.5124752720825416,-0.9772186503918289,1.0332367854162956,1.181800912303014,1.2208014283843691,0.8453428147466576,1.7068914281359044,-1.3066979077097451,1.5784344438699722,-0.5003201214037766,0.0
0.3699381466224517,0.44418004092459684,-0.40408251114572147,0.5444479721850742,-0.5685455110411929,-0.4671289408392018,-0.7441741927314379,-0.232852914243553,-0.8574850108890988,0.14833882252308891,-0.9762923147368289,-0.5003201214037766,0.0
0.9958266066159274,-0.4184475522136514,0.30222529222315253,-0.8156560843207584,1.0332367854162956,0.7509106176304963,1.5610569471923015,0.8453428147466576,1.7068914281359044,0.035435875463315135,1.5784344438699722,-0.5003201214037766,0.0
0.8634959036458781,0.42438848377438476,-0.39014421465995547,-0.9336216566977453,2.4331625640065204,0.7889303495133654,0.44672012309632414,0.8004179927053998,-0.624359880068644,-1.216375550061926,1.849572897023996,-0.5003201214037766,0.0
-0.23449128045696205,0.44418004092459684,-0.3823701312052073,1.0709004628487597,-0.5917807936733958,0.5270166409869332,-0.9228083401056019,-0.18792809220229514,-0.7409224454788714,-1.007505098001344,-1.0305200053676336,-0.5003201214037766,0.0
0.28410201496620346,-3.365968074540261,0.9254414443523564,-0.9462591473267415,1.0332367854162956,1.447939035483098,1.3739164118479386,0.8453428147466576,1.7068914281359044,0.7170874183366982,1.5784344438699722,-0.5003201214037766,0.0
-1.253795343874908,0.44418004092459684,-0.40252340748377663,0.748151166859154,-0.8894828523984956,-1.0092621547245588,-1.1099488754499647,0.3062449502515523,-0.624359880068644,0.5801925950267233,-0.741305655336675,0.5808166407224844,0.0
-1.6543639582707326,0.44418004092459684,-0.391773263638138,0.06445822587855296,-0.05736929313272884,-0.22352102914526234,-0.5740464333274717,0.12654566208651774,-0.624359880068644,-0.599643201747912,-0.7654068511725882,-0.5003201214037766,0.0
1.0137091340443123,-1.1805865209262374,-0.22521315897132357,-0.02273576150961412,-0.41315955843833585,1.1099858631909276,-0.15723342278775473,1.2047413910767284,-0.624359880068644,-0.3103293999072419,-0.5846478824032391,-0.5003201214037766,0.0
0.6274465415911956,-2.9832584058897518,0.5508763788473323,-0.8247231315006701,1.0332367854162956,0.7297885443622357,0.23406042384136644,0.8453428147466576,1.7068914281359044,0.04531488333104487,1.5784344438699722,-0.5003201214037766,0.0
0.9278730023880641,0.4061277652987752,-0.3140617609974658,-0.8124614770242091,-1.0187291120401243,-0.17001177686566854,0.7699628659638598,-2.389244372223976,-0.5077973146584166,1.4269646979750252,-0.8437357376393062,0.3645892882972322,0.0
0.36278513565109766,-3.689959145457821,3.8416647453516037,-0.9138902586896471,1.0332367854162956,0.29044942038241384,1.0421672810102056,0.8453428147466576,1.7068914281359044,-0.16073299505304195,1.5784344438699722,-0.5003201214037766,0.0
0.8170013323320772,-0.440097984897309,0.009908021561897852,-0.965849606777639,1.0332367854162956,0.2172262330524436,1.3739164118479386,0.8453428147466576,1.7068914281359044,-1.9093173876412866,1.5784344438699722,-0.5003201214037766,0.0
0.19111287233860158,0.4075492583537627,-0.4027276026811804,-0.33641801031930785,-1.1000526012528344,-0.5994939333203021,-0.5740464333274717,-0.232852914243553,-0.8574850108890988,0.12575823311113415,-0.8075839438854363,-0.5003201214037766,0.0
-0.8281911910793447,0.44418004092459684,-0.400962047521308,0.4716766971504454,-0.841560081969577,-0.3826406477661592,-0.35288034610231583,0.8453428147466576,-0.5077973146584166,-0.46698223895267754,-1.0847476959984383,-0.5003201214037766,0.0
0.6954001458190588,0.2956886894881993,1.209893251387649,-0.8724073433535741,1.0332367854162956,0.09190193166076359,0.48925206294731566,0.8453428147466576,1.7068914281359044,-0.12262825042036815,1.5784344438699722,-0.5003201214037766,0.0
-1.6972820240988564,0.44418004092459684,-0.4011166041071882,1.4124415664651255,-0.7762108495665064,-1.010670292942443,-0.9993658318373867,-0.6821011346561411,-0.624359880068644,0.2753546379653341,-0.9702670157778506,0.4078347587822826,0.0
-0.7173195210233575,0.3210568732387473,-0.4036515577456759,1.9756790205581938,-0.9577364951305917,-0.27139772855331984,-0.9738466679267918,0.21639530616903502,-0.7409224454788714,-0.4260549206435097,-0.3135094292492154,-0.5003201214037766,0.0
0.8241543433034307,0.34565963765199437,-0.34510732805467303,-0.8823200218766901,-1.0187291120401243,-0.6135753154991425,0.7699628659638598,-2.389244372223976,-0.5077973146584166,1.2561989905471183,-0.8437357376393062,0.3645892882972322,0.0
-0.12361961040097515,0.4192492396525068,-0.39519155893169294,1.1875975882109402,-0.8793174162469068,-0.008075881809003418,-1.092936099509568,-0.7719507787386584,-0.39123474924818913,-0.31174068674548955,-0.6268249751160871,0.7970439931477367,0.0
-0.24164429142831617,0.44418004092459684,-0.33611709861759737,0.42248914068740057,-0.41315955843833585,-0.5910451040129978,-0.15723342278775473,1.2047413910767284,-0.624359880068644,-0.5177885651295764,-0.5846478824032391,-0.5003201214037766,0.0
0.3270200807943276,0.43893145118310456,-0.3785581114702495,0.06427030780228539,-0.15757144948410381,-0.13480832141856744,-0.1061950949665649,0.03669601800399886,-0.624359880068644,-0.8621425536618857,-0.602723779280174,-0.5003201214037766,0.0
0.6345995525625497,0.44418004092459684,-0.4007781590286184,-0.1815735154748042,-1.1000526012528344,-0.979691252148994,-0.5740464333274717,-0.232852914243553,-0.8574850108890988,0.9753529097359303,-0.8075839438854363,-0.5003201214037766,0.0
0.7490477281042139,0.44418004092459684,2.1421289388055267,-1.0757347018751189,1.0332367854162956,2.7504668870258384,1.2208014283843691,0.8453428147466576,1.7068914281359044,-1.8570997746261413,1.5784344438699722,-0.5003201214037766,0.0
-0.5992948399960165,0.3771511761009505,-0.38213209149994654,0.26228898066927064,-0.5845197678508324,-0.8276123246175172,-0.786706132582429,0.12654566208651774,-0.7409224454788714,1.9406731070969954,-1.0907729949574165,0.3645892882972322,1.0
0.9886735956445732,0.14238613078876688,-0.18038385201423057,-0.8279177387972194,1.248163149764172,-1.2331561313681219,0.4126945712155309,-1.6255223975225765,-0.5077973146584166,2.2765593745998225,-0.006219182341321825,-0.5003201214037766,0.0
-1.5291862662720375,0.28606627496212944,-0.3996985192279807,0.6607222818756525,-1.12474008904955,-0.3502534687548261,-0.8207316844632222,-0.6371763126148832,-0.624359880068644,-0.6321027990275965,0.1564638895510924,-0.5003201214037766,0.0
-0.11646659942962104,0.44418004092459684,-0.38018716044843215,-0.6572881255462373,-0.18806775793887026,0.06514730552096681,0.24256681181156475,0.3960945943340696,-0.39123474924818913,-0.418998486452274,-0.07852276984906148,-0.5003201214037766,0.0
1.0673567163294675,-1.0225821005833842,-0.29703684539514336,-0.6869322020774514,1.583622542766602,0.683319983172062,0.5743159426492987,1.2945910351592456,-0.624359880068644,-0.7887556380730334,0.19864098226394053,-0.5003201214037766,0.0
0.1195827626250615,0.44418004092459684,-0.39869897809593796,-0.3330824644655578,-1.2786738364878945,-0.8431018450142417,-0.718655028820843,0.03669601800399886,-0.2746721838379617,1.5582143739320122,-1.096798293916395,0.9267804046028879,0.0
0.40212669599354445,0.3980361894473072,0.23495143580557268,-0.1232249527937139,1.0332367854162956,0.35522377840508,0.22555403587116812,0.8453428147466576,1.7068914281359044,-0.2849262368187931,1.5784344438699722,-0.5003201214037766,0.0
-0.34893945599862625,0.4368538844104304,-0.35352332900844186,0.09100165415135178,-0.15757144948410381,0.03839267938117005,-0.1061950949665649,0.03669601800399886,-0.624359880068644,-0.28633752365703946,-0.602723779280174,-0.5003201214037766,0.0
-2.172957253693898,0.20154211100017386,-0.39277167661991896,1.5161723445648414,-0.8793174162469068,-1.0233435369033992,-1.092936099509568,-0.7719507787386584,-0.39123474924818913,0.10882279105216745,-0.6268249751160871,0.7970439931477367,0.0
-0.7495080703944506,0.44418004092459684,-0.40562920515478545,1.6496881377529724,-1.0143724965465863,0.3298772904831672,-1.2460510829731375,1.2496662131179879,-0.7409224454788714,-0.6038770622626537,0.39145054895124626,2.743090164975006,0.0
0.7311652006758289,-0.03540984670429829,0.06918554892313529,-0.8942528197196827,1.0332367854162956,0.3073470789970225,1.8162485862982507,0.8453428147466576,1.7068914281359044,-0.7238364435136632,1.5784344438699722,-0.5003201214037766,1.0
-0.8174616746223136,0.4295277278962633,-0.3971534122371359,1.4124415664651255,-0.7762108495665064,0.13977863106882107,-0.9993658318373867,-0.6821011346561411,-0.624359880068644,-0.4980305493941156,-0.9702670157778506,0.4078347587822826,0.0
0.7097061677617671,0.38436798699550323,0.009474811861328486,-0.5830604854205348,1.0332367854162956,0.3087552172149065,1.3313844719969472,0.8453428147466576,1.7068914281359044,0.08483091480196632,1.5784344438699722,-0.5003201214037766,0.0
0.005134587083397286,0.404050198526101,-0.397634004248705,-0.5197320937183529,-1.007111470724023,-0.39672202994499955,-0.39541228595330735,-0.7719507787386584,-0.5077973146584166,-0.6448043805718215,-0.6509261709520004,-0.5003201214037766,0.0
0.938602518845095,-3.4249053635124396,0.7967759069827397,-0.8551658598560217,1.0332367854162956,1.6225481745007198,1.5610569471923015,0.8453428147466576,1.7068914281359044,0.2019677223764805,1.5784344438699722,-0.5003201214037766,0.0
-1.06066404764835,0.44418004092459684,-0.3977208718188713,0.3563419778412051,-1.0956959857592965,-0.9951807725457185,-1.0163786077777832,-1.4008982873162825,-0.5077973146584166,1.2265619669439265,-0.036345677136213346,1.4457260504234932,0.0
0.2912550259375576,0.44418004092459684,-0.40205635327535033,-0.7144152207315881,0.13722619891197052,-0.47557777014650615,0.14049015616918506,1.2047413910767284,-0.9740475762993263,-0.27645851578930974,-0.7895080470085014,-0.5003201214037766,0.0
0.7633537500469222,0.4105015900833522,0.2495497001945498,-0.47289351320865336,1.0332367854162956,-0.3051930457825369,1.3313844719969472,0.8453428147466576,1.7068914281359044,0.2781772116418281,1.5784344438699722,-0.5003201214037766,0.0
-0.9819809269634557,0.41104831818142445,-0.39827930619851143,-0.00920566001834663,-1.0956959857592965,-0.8135309424386767,-1.0163786077777832,-1.4008982873162825,-0.5077973146584166,0.6578133711303172,-0.036345677136213346,1.4457260504234932,0.0
0.9529085407878032,-0.28690477181749025,-0.1308196984079462,-0.7261601004983131,1.248163149764172,-0.1601548093404802,0.4126945712155309,-1.6255223975225765,-0.5077973146584166,0.12152437259639248,-0.006219182341321825,-0.5003201214037766,0.0
-1.407585079759019,0.3761670655244209,-0.3897392087159336,1.8822837366531957,-0.8502733129566532,-0.7881844545167639,-0.8802764002546104,0.6207187045403636,-0.15810961842773427,-0.24117634483313125,-0.72322975845974,0.5808166407224844,0.0
0.95648504627348,0.44418004092459684,-0.3785231388121306,0.9686260498401177,-0.5917807936733958,2.5843065773155214,-0.9228083401056019,-0.18792809220229514,-0.7409224454788714,-1.29399632616552,-1.0305200053676336,-0.5003201214037766,0.0
-1.4469266401014662,0.3465344026089103,-0.4037237593624375,1.2483421063644424,-1.0463210101658653,-1.1050155535406738,-0.6165783731784633,-0.3227025583260703,-0.5077973146584166,0.7876517602490565,-0.20505404798760588,1.8781807552739975,0.0
-0.2523738078853471,0.22384861740151807,-0.3698837641065057,-0.07342666258279956,-0.6948873603537962,-0.22211289092737807,-0.42093144986390224,-0.4125522024085892,-0.15810961842773427,-0.3244422682897133,-0.5846478824032391,-0.5003201214037766,0.0
-2.208722308550668,0.32597742612139663,-0.39788896620789427,2.3952531053446813,-0.7442623359472273,-1.2570944810721507,-1.067416935598973,0.35116977229281177,-0.2746721838379617,0.9047885678235719,-0.44606600634673804,0.45108022926733304,0.0
0.738318211647183,0.3963960051530903,-0.31104057459609946,0.0958875241343093,-0.41315955843833585,0.19328788334841485,-0.15723342278775473,1.2047413910767284,-0.624359880068644,-0.4952079757176216,-0.5846478824032391,-0.5003201214037766,0.0
0.5094218605638546,0.40579972843993156,-0.37677337775592484,-0.2562239712721089,-0.15757144948410381,-0.6417380798568233,-0.1061950949665649,0.03669601800399886,-0.624359880068644,-0.07041063740522294,-0.602723779280174,-0.5003201214037766,0.0
0.566645948334687,0.44418004092459684,0.3601106821612062,-0.5124032887439167,1.0332367854162956,0.3157959083043266,1.3313844719969472,0.8453428147466576,1.7068914281359044,-0.331498702480949,1.5784344438699722,-0.5003201214037766,0.0
0.8599193981602008,-0.1898058615998753,-0.26349806625913863,-0.9441920484877979,1.248163149764172,-0.979691252148994,0.4126945712155309,-1.6255223975225765,-0.5077973146584166,-0.09299122681717768,-0.006219182341321825,-0.5003201214037766,1.0
-0.6994369935949725,0.36053064191955714,-0.39535288441914457,0.4599318173837205,-0.6643910518990299,-0.9022436501653716,-0.9313147280758002,-0.3227025583260703,-0.624359880068644,1.3422874876801956,-0.9039887272290892,1.229498697998241,1.0
1.1245808041002994,0.33297554577672067,0.7172119816120289,-0.8596289141673773,1.0332367854162956,0.9001732687262052,1.5610569471923015,0.8453428147466576,1.7068914281359044,0.23866118017090793,1.5784344438699722,-0.5003201214037766,0.0
-1.3503609919881872,0.3655605404218208,-0.3993668430509823,1.255107157110076,-1.0956959857592965,-1.0937504477976014,-1.0163786077777832,-1.4008982873162825,-0.5077973146584166,0.5971280370856887,-0.036345677136213346,1.4457260504234932,0.0
1.056627199872436,0.44418004092459684,1.4894601677889179,-1.119096797973868,1.0332367854162956,2.5843065773155214,1.2208014283843691,0.8453428147466576,1.7068914281359044,-1.4661733204316747,1.5784344438699722,-0.5003201214037766,0.0
-1.7938476722121357,0.44418004092459684,-0.39783932759637064,0.7960702763073925,0.4262150266499943,-0.5459846810407083,-1.0163786077777832,-1.0414997109862119,-0.624359880068644,-0.26657950792158003,-0.6931032636648485,-0.5003201214037766,0.0
1.1245808041002994,-1.5888830645665237,2.8256413379824634,-1.0423792433376198,1.0332367854162956,1.0733742695259423,0.3446434674539444,0.8453428147466576,1.7068914281359044,-1.6383503146978295,1.5784344438699722,-0.5003201214037766,0.0
-0.4347755876548743,0.44418004092459684,-0.40429460339495854,0.903841293046862,-1.0463210101658653,-0.7431240315444746,-0.6165783731784633,-0.3227025583260703,-0.5077973146584166,0.5364427030410601,-0.20505404798760588,1.8781807552739975,0.0
0.656058585476612,0.36545119480220645,-0.338172588394778,-0.9429705809920587,-1.0187291120401243,-1.0332005044285877,0.7699628659638598,-2.389244372223976,-0.5077973146584166,3.3703066742413808,-0.8437357376393062,0.3645892882972322,0.0
0.49869234410682367,0.44418004092459684,-0.35154793789985617,-0.2305261743425144,-0.15757144948410381,-1.114872521065862,-0.1061950949665649,0.03669601800399886,-0.624359880068644,0.4503542059079828,-0.602723779280174,-0.5003201214037766,0.0
0.9421790243307723,-0.04842197543841559,-0.09873059235848218,-1.0723051969832351,1.248163149764172,1.2662892053760564,2.6753937712882787,-1.6255223975225765,-0.5077973146584166,-1.0145615321925796,-0.006219182341321825,-0.5003201214037766,0.0
1.0852392437578524,0.4238417556763131,-0.3687996117048205,-0.7938106079546497,1.583622542766602,0.020086882548677368,0.5743159426492987,1.2945910351592456,-0.624359880068644,0.20055643553823413,0.19864098226394053,-0.5003201214037766,0.0
1.1245808041002994,-0.16050123554320767,-0.2383561095224506,-1.0413456939181478,1.248163149764172,0.11584028136479232,2.6753937712882787,-1.6255223975225765,-0.5077973146584166,-1.2869398919742843,-0.006219182341321825,-0.5003201214037766,0.0
0.45577427827869954,0.37682313924210753,0.07357630974244743,-0.6103086064793369,1.0332367854162956,0.029943850073865717,1.8162485862982507,0.8453428147466576,1.7068914281359044,-0.2877488104952871,1.5784344438699722,-0.5003201214037766,0.0
-0.21660875302857704,0.44418004092459684,-0.3994243787143392,-0.14704356896063236,-1.175567269807494,-0.8825297151149949,-0.9483275040161968,-0.14300327016103573,-0.8574850108890988,1.552569226579024,-0.7714321501315665,-0.5003201214037766,0.0
0.7526242335898907,-0.0918321864253451,0.5255065357577406,-1.2583910720072276,1.0332367854162956,-0.5037405345041869,0.9485970133380243,0.8453428147466576,1.7068914281359044,-0.6222237911598668,1.5784344438699722,-0.5003201214037766,1.0
-0.4204695657121663,0.4250445574920714,-0.3990960869881265,-0.028467262835775956,-0.9432144434854648,-0.5656986160910851,-0.9143019521354036,0.0816208400452583,-0.7409224454788714,-0.2750472289510621,-0.9461658199419374,-0.5003201214037766,0.0
0.5416104099349478,-0.9192504900477468,0.4674045409694022,-0.4815847242360299,1.0332367854162956,0.5312410556405855,1.3313844719969472,0.8453428147466576,1.7068914281359044,-0.02101559806657175,1.5784344438699722,-0.5003201214037766,0.0
-1.300289915188709,0.1344039005569132,-0.402037174720898,0.9703173125265259,-1.12474008904955,-0.4741696319286221,-0.8207316844632222,-0.6371763126148832,-0.624359880068644,-0.24258763167137762,0.1564638895510924,-0.5003201214037766,0.0
-2.101427143980358,-0.08035089636582969,-0.37449789867767386,-0.10368147286188341,-0.05736929313272884,2.406881161862132,-0.5740464333274717,0.12654566208651774,-0.624359880068644,-1.275649597268307,-0.7654068511725882,-0.5003201214037766,0.0
0.5773754647917179,-3.655077892800817,0.018710978055498144,-0.44005482938088997,1.0332367854162956,0.6607897716859173,0.8380139697254463,0.8453428147466576,1.7068914281359044,-0.5135547046148347,1.5784344438699722,-0.5003201214037766,0.0
0.5559164318776555,0.2339084144060459,-0.3990802928844599,-0.7567437674108655,2.12965168462337,0.2552459649353127,0.20854125993077152,0.35116977229281177,-0.8574850108890988,-0.44016778902598236,-1.3016584585216573,-0.5003201214037766,0.0
0.4378917508503145,0.44418004092459684,-0.40181492911930383,-0.6122347667610799,0.13722619891197052,-0.6445543562925915,0.14049015616918506,1.2047413910767284,-0.9740475762993263,-0.4034743312315549,-0.7895080470085014,-0.5003201214037766,0.0
1.056627199872436,0.22188039624845823,-0.2659427678766745,-0.004836564745125065,-0.41315955843833585,1.2057392620070426,-0.15723342278775473,1.2047413910767284,-0.624359880068644,-1.0526662768252535,-0.5846478824032391,-0.5003201214037766,0.0
-1.4111615852446961,0.2904400997467064,-0.39297248736653706,0.3563419778412051,-1.0956959857592965,-1.1120562446300941,-1.0163786077777832,-1.4008982873162825,-0.5077973146584166,0.3388625456864567,-0.036345677136213346,1.4457260504234932,0.0
-1.8260362215832286,0.22592618417419222,-0.389252975953055,0.6948763922372891,-0.025420779513449742,-0.3629267127157825,-1.2205319190625428,0.3960945943340696,-0.624359880068644,-0.5008531230706097,-0.5966984803211957,-0.5003201214037766,0.0
0.8348838597604622,0.4307305297120222,-0.38784955702725227,-0.7503545528177671,-0.3521669415288032,0.8734186425864082,-0.31034840625132426,1.159816569035469,-0.5077973146584166,-0.677263977851506,-0.12069986256190961,-0.5003201214037766,0.0
-0.9462158721066857,0.353969904742691,-0.37341374627598867,0.2916511800860834,-0.5845197678508324,0.07641241126403918,-0.786706132582429,0.12654566208651774,-0.7409224454788714,-0.6490382410865632,-1.0907729949574165,0.3645892882972322,0.0
-1.3897025523306341,0.37901005163439605,-0.4054701359678576,2.1308993515552324,-1.30336132428461,-0.9106924794726757,-1.0333913837181798,-0.5922514905736237,-0.624359880068644,0.4503542059079828,-0.7473309542956533,2.959317517400258,0.0
0.9314495078737409,-2.694585970107653,0.8518973287791402,-0.7908978777725021,1.0332367854162956,1.5225703610309524,1.5610569471923015,0.8453428147466576,1.7068914281359044,0.44188648487849946,1.5784344438699722,-0.5003201214037766,0.0
0.602411003191457,-3.121580614702007,-0.3813559241197598,-0.5137187152777898,-0.3521669415288032,-0.2573163463744792,-0.31034840625132426,1.159816569035469,-0.5077973146584166,0.12575823311113415,-0.12069986256190961,-0.5003201214037766,0.0
